ACK_ID,SCH_H_PLAN_YEAR_BEGIN_DATE,SCH_H_TAX_PRD,SCH_H_PN,SCH_H_EIN,NON_INT_BEAR_CASH_BOY_AMT,EMPLR_CONTRIB_BOY_AMT,PARTCP_CONTRIB_BOY_AMT,OTHER_RECEIVABLES_BOY_AMT,INT_BEAR_CASH_BOY_AMT,GOVT_SEC_BOY_AMT,CORP_DEBT_PREFERRED_BOY_AMT,CORP_DEBT_OTHER_BOY_AMT,PREF_STOCK_BOY_AMT,COMMON_STOCK_BOY_AMT,JOINT_VENTURE_BOY_AMT,REAL_ESTATE_BOY_AMT,OTHER_LOANS_BOY_AMT,PARTCP_LOANS_BOY_AMT,INT_COMMON_TR_BOY_AMT,INT_POOL_SEP_ACCT_BOY_AMT,INT_MASTER_TR_BOY_AMT,INT_103_12_INVST_BOY_AMT,INT_REG_INVST_CO_BOY_AMT,INS_CO_GEN_ACCT_BOY_AMT,OTH_INVST_BOY_AMT,EMPLR_SEC_BOY_AMT,EMPLR_PROP_BOY_AMT,BLDGS_USED_BOY_AMT,TOT_ASSETS_BOY_AMT,BNFTS_PAYABLE_BOY_AMT,OPRTNG_PAYABLE_BOY_AMT,ACQUIS_INDBT_BOY_AMT,OTHER_LIAB_BOY_AMT,TOT_LIABILITIES_BOY_AMT,NET_ASSETS_BOY_AMT,NON_INT_BEAR_CASH_EOY_AMT,EMPLR_CONTRIB_EOY_AMT,PARTCP_CONTRIB_EOY_AMT,OTHER_RECEIVABLES_EOY_AMT,INT_BEAR_CASH_EOY_AMT,GOVT_SEC_EOY_AMT,CORP_DEBT_PREFERRED_EOY_AMT,CORP_DEBT_OTHER_EOY_AMT,PREF_STOCK_EOY_AMT,COMMON_STOCK_EOY_AMT,JOINT_VENTURE_EOY_AMT,REAL_ESTATE_EOY_AMT,OTHER_LOANS_EOY_AMT,PARTCP_LOANS_EOY_AMT,INT_COMMON_TR_EOY_AMT,INT_POOL_SEP_ACCT_EOY_AMT,INT_MASTER_TR_EOY_AMT,INT_103_12_INVST_EOY_AMT,INT_REG_INVST_CO_EOY_AMT,INS_CO_GEN_ACCT_EOY_AMT,OTH_INVST_EOY_AMT,EMPLR_SEC_EOY_AMT,EMPLR_PROP_EOY_AMT,BLDGS_USED_EOY_AMT,TOT_ASSETS_EOY_AMT,BNFTS_PAYABLE_EOY_AMT,OPRTNG_PAYABLE_EOY_AMT,ACQUIS_INDBT_EOY_AMT,OTHER_LIAB_EOY_AMT,TOT_LIABILITIES_EOY_AMT,NET_ASSETS_EOY_AMT,EMPLR_CONTRIB_INCOME_AMT,PARTICIPANT_CONTRIB_AMT,OTH_CONTRIB_RCVD_AMT,NON_CASH_CONTRIB_BS_AMT,TOT_CONTRIB_AMT,INT_BEAR_CASH_AMT,INT_ON_GOVT_SEC_AMT,INT_ON_CORP_DEBT_AMT,INT_ON_OTH_LOANS_AMT,INT_ON_PARTCP_LOANS_AMT,INT_ON_OTH_INVST_AMT,TOTAL_INTEREST_AMT,DIVND_PREF_STOCK_AMT,DIVND_COMMON_STOCK_AMT,REGISTERED_INVST_AMT,TOTAL_DIVIDENDS_AMT,TOTAL_RENTS_AMT,AGGREGATE_PROCEEDS_AMT,AGGREGATE_COSTS_AMT,TOT_GAIN_LOSS_SALE_AST_AMT,UNREALZD_APPRCTN_RE_AMT,UNREALZD_APPRCTN_OTH_AMT,TOT_UNREALZD_APPRCTN_AMT,GAIN_LOSS_COM_TRUST_AMT,GAIN_LOSS_POOL_SEP_AMT,GAIN_LOSS_MASTER_TR_AMT,GAIN_LOSS_103_12_INVST_AMT,GAIN_LOSS_REG_INVST_AMT,OTHER_INCOME_AMT,TOT_INCOME_AMT,DISTRIB_DRT_PARTCP_AMT,INS_CARRIER_BNFTS_AMT,OTH_BNFT_PAYMENT_AMT,TOT_DISTRIB_BNFT_AMT,TOT_CORRECTIVE_DISTRIB_AMT,TOT_DEEMED_DISTR_PART_LNS_AMT,TOT_INT_EXPENSE_AMT,PROFESSIONAL_FEES_AMT,CONTRACT_ADMIN_FEES_AMT,INVST_MGMT_FEES_AMT,OTHER_ADMIN_FEES_AMT,TOT_ADMIN_EXPENSES_AMT,TOT_EXPENSES_AMT,NET_INCOME_AMT,TOT_TRANSFERS_TO_AMT,TOT_TRANSFERS_FROM_AMT,ACCTNT_OPINION_TYPE_CD,ACCT_PERFORMED_LTD_AUDIT_IND,ACCOUNTANT_FIRM_NAME,ACCOUNTANT_FIRM_EIN,ACCT_OPIN_NOT_ON_FILE_IND,FAIL_TRANSMIT_CONTRIB_IND,FAIL_TRANSMIT_CONTRIB_AMT,LOANS_IN_DEFAULT_IND,LOANS_IN_DEFAULT_AMT,LEASES_IN_DEFAULT_IND,LEASES_IN_DEFAULT_AMT,PARTY_IN_INT_NOT_RPTD_IND,PARTY_IN_INT_NOT_RPTD_AMT,PLAN_INS_FDLTY_BOND_IND,PLAN_INS_FDLTY_BOND_AMT,LOSS_DISCV_DUR_YEAR_IND,LOSS_DISCV_DUR_YEAR_AMT,ASSET_UNDETERM_VAL_IND,ASSET_UNDETERM_VAL_AMT,NON_CASH_CONTRIB_IND,NON_CASH_CONTRIB_AMT,AST_HELD_INVST_IND,FIVE_PRCNT_TRANS_IND,ALL_PLAN_AST_DISTRIB_IND,FAIL_PROVIDE_BENEFIT_DUE_IND,FAIL_PROVIDE_BENEFIT_DUE_AMT,PLAN_BLACKOUT_PERIOD_IND,COMPLY_BLACKOUT_NOTICE_IND,RES_TERM_PLAN_ADPT_IND,RES_TERM_PLAN_ADPT_AMT,FDCRY_TRUST_EIN,FDCRY_TRUST_NAME,COVERED_PBGC_INSURANCE_IND,TRUST_INCUR_UNREL_TAX_INC_IND,TRUST_INCUR_UNREL_TAX_INC_AMT,IN_SERVICE_DISTRIB_IND,IN_SERVICE_DISTRIB_AMT,FDCRY_TRUSTEE_CUST_NAME,FDCRY_TRUST_CUST_PHON_NUM,FDCRY_TRUST_CUST_PHON_NU_FORE,DISTRIB_MADE_EMPLOYEE_62_IND,PREMIUM_FILING_CONFIRM_NUMBER
20180627114125P030016753837001,2017-01-01,2017-12-31,003,042557451,0,,,,,,,,,,,,,,,,,,,,,108886151,,,108886151,,,4894510,,4894510,103991641,0,,,,,,,,,,,,,,,,,,,,,139412500,,,139412500,,,16869927,,16869927,122542573,487619,,,,487619,,,,,,,0,,,,0,,,,0,,24923588,24923588,,,,,,,25411207,6591077,,,6591077,,,269198,,,,,0,6860275,18550932,,,1,2,"BDO USA, LLP",135381590,,2,,2,,2,,2,,1,1000000,2,,2,,2,,1,2,2,2,,2,,2,,,,,,,,,,,,,
20180627112917P030023862929001,2017-01-01,2017-12-31,002,042557451,,,,,,,,,,,,,,870554,7049634,,,,32509309,,,,,,40429497,,,,,0,40429497,,,,,,,,,,,,,,694609,6359355,,,,37621154,,,,,,44675118,,,,,0,44675118,,901484,2005331,,2906815,,,,,26537,,26537,,,1402299,1402299,,,,0,,,0,78325,,,,4870992,,9284968,5031149,,,5031149,,,,,,,8198,8198,5039347,4245621,,,3,1,"BDO USA, LLP",135381590,,2,,2,,2,,2,,1,500000,2,,2,,2,,1,2,2,2,,2,,2,,,,,,,,,,,,,
20180601124501P040102456263001,2017-01-01,2017-12-31,002,461710155,,217308,,,,,,,,,,,,,,3382792,,,5642183,3153036,,1378503,,,13773822,,,,,0,13773822,,154220,,,,,,,,,,,,,,3871725,,,6925669,3623331,,1924913,,,16499858,,,,,0,16499858,535763,786952,8927,,1331642,,,,,,46687,46687,,,76790,76790,,12605,10399,2206,,496427,496427,,408536,,,965107,,3327395,554711,,,554711,,,,,46648,,,46648,601359,2726036,,,1,2,CROWE HORWATH LLP,350921680,,2,,2,,2,,2,,1,5000000,2,,2,,2,,1,2,2,2,,2,,2,,,,,,,,,,,,,
20180706125856P030001716953001,2017-01-01,2017-12-31,002,041466100,,707735,,,15836,,,,,,,,,352283,573807,,,,16700009,,85,,,,18349755,,,,,0,18349755,,784863,,,5600,,,,,,,,,376443,893881,,,,12214080,,8460745,,,,22735612,,,,,0,22735612,784863,1585682,78763,,2449308,,,,,14344,,14344,,,284314,284314,,,,0,,,0,11340,,,,2096731,252323,5108360,678328,,,678328,,,,,5700,38475,,44175,722503,4385857,,,1,2,"WOLF & COMPANY, P.C.",042689883,,2,,2,,2,,2,,1,8000000,2,,2,,2,,1,2,2,2,,2,,2,,,,,,,,,,,,,
20180706134447P040040792391001,2017-01-01,2017-12-31,002,041466100,,707735,,,15836,,,,,,,,,352283,573807,,,,16700009,,85,,,,18349755,,,,,0,18349755,,784863,,,5600,,,,,,,,,376443,893881,,,,12214080,,8460745,,,,22735612,,,,,0,22735612,784863,1585682,78763,,2449308,,,,,14344,,14344,,,284314,284314,,,,0,,,0,11340,,,,2096731,252323,5108360,678328,,,678328,,,,,5700,38475,,44175,722503,4385857,,,1,2,"WOLF & COMPANY, P.C.",042689883,,2,,2,,2,,2,,1,8000000,2,,2,,2,,1,2,2,2,,2,,2,,,,,,,,,,,,,
20180917121658P030185650359001,2017-01-01,2017-12-31,002,412126830,,,,524486,331,,,,,,,,,,,,,,,,,,,,524817,,0,,,0,524817,,,,0,206359,,,,,,,,,,,,,,,,,,,,206359,,0,,,0,206359,,,,,0,1864,,,,,,1864,,,,0,,,,0,,,0,,,,,,,1864,320322,,,320322,,,,,,,,0,320322,-318458,,,3,1,"NARDELLA & TAYLOR, LLP",042979611,,2,,2,,2,,2,,1,3000000,2,,2,,2,,1,2,2,2,,2,,1,0,,,,,,,,,,,,
20180917143253P040126238877001,2017-01-01,2017-12-31,001,813645861,,183323,0,0,,,,,,,,,,1087066,2894930,1292722,,,65331621,,,,,,70789662,0,0,0,0,0,70789662,,482250,212229,0,,,,,,,,,,877614,2377878,1733999,,,85563118,,,,,,91247088,,,,,0,91247088,2621871,6877172,1986292,,11485335,0,0,0,0,45115,0,45115,0,0,848192,848192,0,0,0,0,0,0,0,52422,261604,0,0,13033663,353,25726684,5481544,0,406,5481950,0,0,,0,26182,0,0,26182,5508132,20218552,238874,,3,1,CROWE LLP,350921680,,1,12711,2,0,2,0,2,0,1,5000000,2,,2,,2,,1,2,2,2,,2,,2,,,,,,,,,,,,,
20180730110608P030069204077001,2017-01-01,2017-12-31,003,042272126,,,,,20199925,,,,,,,,,,,,,,,,,,,,20199925,,,,,0,20199925,2,,,,,,,,,,,,,334196,,,,,20558895,2984843,,,,,23877936,,,,,0,23877936,189040,576293,14581,,779914,,,,,19771,57303,77074,,,716422,716422,,,,0,,,0,,,,,2603857,,4177267,440502,,,440502,1537,,,,57217,,,57217,499256,3678011,,,3,1,"CITRIN COOPERMAN & CO., LLP",222428965,,2,,2,,2,,2,,1,1000000,2,,2,,2,,1,2,2,2,,1,1,2,,,,,,,,,,,,,
20180730132003P030069431741001,2017-01-01,2017-12-31,002,042041237,0,0,0,0,1031801,0,0,0,0,374448,0,0,0,152467,0,0,0,0,26176908,,0,0,0,0,27735624,0,0,0,0,0,27735624,0,0,0,0,1071975,0,0,0,0,384948,0,0,0,122992,0,0,0,0,30415737,,0,0,0,0,31995652,0,0,0,0,0,31995652,0,536383,266824,0,803207,5646,0,0,0,5544,0,11190,0,8511,1653732,1662243,0,35704,32454,3250,0,75427,75427,0,0,0,0,3473817,0,6029134,1764530,0,0,1764530,0,0,0,0,0,3920,656,4576,1769106,4260028,0,,3,1,"BLUM SHAPIRO & COMPANY, P.C.",061009205,,2,,2,,2,,2,,1,5000000,2,,2,,2,,1,2,2,2,,2,2,2,,,,,,,,,,,,,
20181003160533P040245918913001,2017-01-01,2017-12-31,002,042803764,,,,,,,,,,,,,,,,,,,,,,18000000,,,18000000,,,13840000,,13840000,4160000,,,,,,,,,,,,,,,,,,,,,,23550000,,,23550000,,,12975000,,12975000,10575000,1474050,,,,1474050,,,,,,,0,,,,0,,,,0,,5550000,5550000,,,,,,,7024050,33306,,,33306,,,575744,,,,,0,609050,6415000,,,1,2,"GRAY, GRAY, & GRAY, LLP",042088368,,2,,2,,2,,2,,1,1000000,2,,2,,2,,1,2,2,2,,2,,2,,,,,,,,,,,,,
20181003150429P030159849869001,2017-01-01,2017-12-31,002,041782600,,,,,,,,,,,,,,3393922,20527075,,,,80340046,,131117,16505018,,,120897178,,,,67419,67419,120829759,,,,,,,,,,,,,,3574571,22096875,,,,99652004,,203021,16802300,,,142328771,,,,101613,101613,142227158,5000934,6435546,981056,,12417536,,,,,117223,,117223,,301325,5607589,5908914,,2332729,1457717,875012,,-888110,-888110,2769486,,,,9004770,21413,30226244,8630951,,,8630951,101613,73286,,,,,22995,22995,8828845,21397399,0,0,1,2,ERNST & YOUNG LLP,346565596,,2,,2,,2,,2,,1,1000000,2,,2,,2,,1,2,2,2,,2,,2,,,,,,,,,,,,,
20181003145555P030218453671002,2017-01-01,2017-12-31,001,043061714,,971325,0,,,,,,,,,,,100408,644912,,,,17218499,,,,,,18935144,,,,,,18935144,,1487269,,,,,,,,,,,,127555,1131068,,,,21802195,,,,,,24548087,,,,,,24548087,1487269,1459648,86647,,3033564,,,,,4444,,4444,,,881400,881400,,,,,,,,13976,,,,2617603,,6550987,856779,,,856779,,,,,,81265,,81265,938044,5612943,,,3,1,"CARON & BLETZER, PLLC",043499945,,2,,2,,2,,2,,1,500000,2,,2,,2,,1,2,2,2,,2,,,,,,,,,,,,,,,
20180829150710P040103227117001,2017-01-01,2017-12-31,002,041682990,,5787,0,,,,,,,,,,,179143,,,,,9432757,882126,,,,,10499813,,,,,0,10499813,,13420,0,,,,,,,,,,,203766,,,,,12527260,547379,,,,,13291825,,,,,0,13291825,448982,876740,3638,,1329360,,,,,10708,,10708,,,430164,430164,,,,0,,,0,,,,,1392412,,3162644,365530,,,365530,,,,,3384,1718,,5102,370632,2792012,,,3,1,CLIFTONLARSONALLEN LLP,410746749,,2,,2,,2,,2,,1,1000000,2,,2,,2,,1,2,2,2,,2,,2,,,,,,,,,,,,,
20181008144911P040258507505001,2017-01-01,2017-12-31,001,043484613,,29045,4607,,,,,,,,,,,,,,,,500717,,,,,,534369,,,,6765,6765,527604,,35753,,,,,,,,,,,,,,809820,,,,,,,,,845573,,,,14023,14023,831550,25387,276996,36255,,338638,,,,,,,,,,,,,,,,,,,,113769,,,,,452407,147411,,,147411,,,,,1050,,,1050,148461,303946,,,3,1,"CARON & BLETZER, PLLC",043499945,,2,,2,,2,,2,,1,500000,2,,2,,2,,1,2,2,2,,2,,2,,,,,,,,,,,,,
20180724125440P030079054823001,2017-01-01,2017-12-31,001,471008886,,235284,18606,,,,,,,,,,,22530,806092,,,,4847093,,,,,,5929605,,,,,0,5929605,,230436,24816,,,,,,,,,,,50749,1056108,,,,6400799,,,,,,7762908,,,,,0,7762908,230436,1053349,4525,,1288310,,,,,1133,,1133,,,206985,206985,,,,0,,,0,140930,,,,769036,,2406394,145332,,,145332,425742,,,,,,2017,2017,573091,1833303,0,0,3,1,"WOLF & COMPANY, P.C.",042689883,,2,,2,,2,,2,,1,500000,2,,2,,2,,1,2,2,2,,2,,2,,,,,,,,,,,,,
20180724144026P030079262807001,2017-01-01,2017-12-31,003,043402944,,,,,308275,,,,,,,,,,,,,,,,,14769348,,,15077623,,,1501914,,1501914,13575709,,,,,286591,,,,,,,,,,,,,,,,,13213340,,,13499931,,,1251914,,1251914,12248017,337809,,,,337809,1536,,,,,,1536,,311204,,311204,,,,0,,-669452,-669452,,,,,,,-18903,1157305,,,1157305,,,119643,31841,,,,31841,1308789,-1327692,,,1,2,BATCHELOR FRECHETTE MCCRORY MICHAEL,050487888,,2,,2,,2,,2,,1,7000000,2,,2,,2,,1,2,2,2,,2,,2,,,,,,,,,,,,,
20180924134342P040208295607001,2017-01-01,2017-12-31,002,042597651,,2127821,,,,,,,,,,,,1235752,56062439,,,,212886958,,,,,,272312970,,,,,,272312970,,1800615,456,,,,,,,,,,,1060799,53421271,,,,239995780,,,,,,296278921,,,,,,296278921,1800615,9706835,7400651,,18908101,,,,,60437,,60437,,,10898345,10898345,,,,,,,,6123857,72570,,,32764792,,68828102,44858521,,,44858521,,,,,,,3630,3630,44862151,23965951,,,3,1,"MAYER HOFFMAN MCCANN, PC",431947695,,1,456,2,,2,,2,,1,1000000,2,,2,,2,,1,2,2,2,,2,,2,,,,,,,,,,,,,
20180724104648P030059462493001,2017-01-01,2017-12-31,002,043067724,,,,,,,,,,,,,,3237078,132805890,,,,,,,,,,136042968,,,,,0,136042968,,,,,,,,,,,,,,3597919,154781904,,,,,,,,,,158379823,,,,,0,158379823,2915048,6816921,1640531,,11372500,,,,,145189,,145189,,,,0,,,,0,,,0,22576521,,,,,,34094210,11665140,,,11665140,,144933,,,,,,0,11810073,22284137,52718,,1,2,JOHNSON OCONNOR FERON & CARUCCI LLP,203985546,,2,,2,,2,,2,,1,500000,2,,2,,2,,1,2,2,2,,2,,2,,,,,,,,,,,,,
20181004191607P040151750029001,2017-01-01,2017-12-31,003,041866480,,,,,,,,,,,,,,930387,,,,,13034863,,,4032023,,,17997273,,,,,0,17997273,,,,,,,,,,,,,,927252,,,,,15909492,,,2972822,,,19809566,,,,,0,19809566,1235624,1573755,,,2809379,,,,,32062,,32062,,,349252,349252,,,,0,,,0,,,,,1464784,,4655477,2747483,,,2747483,,,,48530,,47171,,95701,2843184,1812293,,,1,2,BOLLUS LYNCH,043037870,,2,,2,,2,,2,,1,5000000,2,,2,,2,,1,2,2,2,,2,,2,,,,,,,,,,,,,
20180724123651P030079017799001,2017-01-01,2017-12-31,002,041123040,56978,2140826,26878,1652,32208,,,,,,,,,1393778,2555981,,,,27006727,,,14019521,,,47234549,,,,,,47234549,35918,2364141,,835,76759,,,,,,,,,1517385,3112978,,,,34598569,,,13063521,,,54770106,,,,,,54770106,2364141,2012216,406337,,4782694,49,,,,64203,,64252,,,564635,564635,,,,,,,,43838,,,,4250493,-144210,9561702,1811017,,,1811017,,,,20188,,41250,153690,215128,2026145,7535557,,,1,2,"GRAY, GRAY & GRAY",042088368,,1,154839,2,,2,,2,,1,500000,2,,2,,2,,1,2,2,2,,2,2,2,,,,,,,,,,,,,
20180910085316P030182135633001,2017-01-01,2017-12-31,002,203724403,,,,,,,,,,,,,,,,,,,,,,23200000,,,23200000,,,22276800,,22276800,923200,,,,,,,,,,,,,,,,,,,,,,22040000,,,22040000,,,21573386,,21573386,466614,1497666,,,,1497666,,,,,,,0,,,,0,,,,0,,-1160000,-1160000,,,,,,,337666,54663,,,54663,,,739589,,,,,0,794252,-456586,,,1,2,"GRAY, GRAY & GRAY, LLP",042088368,,2,,2,,2,,2,,1,1000000,2,,2,,2,,1,2,2,2,,2,,2,,,,,,,,,,,,,
20180711080030P040002055141001,2017-01-01,2017-12-31,002,043312097,,0,0,,,,,,,,,,,2279707,,,,,82997534,,348914,10349284,,,95975439,,,,,0,95975439,,80361,163533,,,,,,,,,,,2731390,,,,,109073842,,763210,10422674,,,123235010,,,,,0,123235010,3332378,7045707,7641959,,18020044,,,,,112051,,112051,,221969,2659517,2881486,,1232884,1249677,-16793,,-51839,-51839,,,,,12863186,60575,33868710,6574696,,1280,6575976,1422,,,,,,31741,31741,6609139,27259571,,,1,2,"CROWE HORWATH, LLP",350921680,,2,,2,,2,,2,,1,500000,2,,2,,2,,1,2,2,2,,2,,2,,,,,,,,,,,,,
20180913091153P040182435511001,2017-01-01,2017-12-31,004,042389826,,0,0,0,1731744,,,,,,,,,89906,,,,,4269341,,,8166977,,,14257968,0,0,0,0,0,14257968,,0,0,0,2109828,,,,,,,,,107137,,,,,5230610,,,9619749,,,17067324,,,,,0,17067324,1204740,0,0,0,1204740,515,0,0,0,3210,0,3725,0,0,107760,107760,0,0,0,0,0,1770250,1770250,0,0,0,0,212364,160931,3459770,617150,0,0,617150,0,0,0,0,0,33264,0,33264,650414,2809356,0,,1,2,"KAHN, LITWIN, RENZA & CO., LTD",050409384,,2,0,2,0,2,0,2,0,1,1100000,2,,2,,2,,1,2,2,2,,2,,2,,,,,,,,,,,,,
20180730162104P030069716765001,2017-01-01,2017-12-31,002,471008886,0,2862,,,63,,,,,,,,,,,,,,,,,26640000,,,26642925,580,,1120234,,1120814,25522111,0,9546,,,90,,,,,,,,,,,,,,,,,40980000,,,40989636,0,,1070578,,1070578,39919058,186438,,,,186438,,,,,,,0,,,,0,,,,0,,14340000,14340000,,,,,,,14526438,81981,,,81981,,,47510,,,,,0,129491,14396947,,,1,2,"WOLF & COMPANY, P.C.",042689883,,2,,2,,2,,2,,1,1000000,2,,2,,2,,1,2,2,2,,2,,2,,,,,,,,,,,,,
20180712134130P030022159087001,2017-01-01,2017-12-31,001,043175021,0,0,0,0,504060,0,0,0,0,0,0,0,0,314953,0,0,0,0,6564132,,0,0,0,0,7383145,0,0,0,0,0,7383145,0,0,0,0,524289,0,0,0,0,0,0,0,0,338771,0,0,0,0,8155015,,0,0,0,0,9018075,0,0,0,0,0,9018075,0,542359,13167,0,555526,2666,0,0,0,13327,0,15993,0,0,258617,258617,0,0,0,0,0,0,0,0,0,0,0,1023088,0,1853224,207628,0,0,207628,0,0,0,0,0,0,10666,10666,218294,1634930,0,,3,1,"SULLIVAN AND FOLAN, LLC",043252952,,2,,2,,2,,2,,1,500000,2,,2,,2,,1,2,2,2,,2,2,2,,,,,,,,,,,,,
20180725074606P040087458033001,2017-01-01,2017-12-31,002,042821431,,622000,0,0,24927,,,,,,,,,,,,,,,,,10700550,,,11347477,0,0,0,0,0,11347477,,1300000,0,0,82008,,,,,,,,,,,,,,,,,13060350,,,14442358,,,,,0,14442358,1300000,0,0,0,1300000,1164,0,0,0,,0,1164,0,0,0,0,0,0,0,0,0,2359800,2359800,0,0,0,0,0,0,3660964,528988,0,0,528988,0,,0,0,0,0,0,0,528988,3131976,0,37095,1,2,"DICICCO, GULMAN & COMPANY LLP",043296226,,2,0,2,0,2,0,2,0,1,1000000,2,,2,,2,,1,2,2,2,,2,,2,,,,,,,,,,,,,
20180726165148P040040858287001,2017-01-01,2017-12-31,001,042682840,,400000,,84934,3227307,0,0,0,0,0,0,0,0,362748,0,,,,53201224,,0,0,,,57276213,,68247,,43340,111587,57164626,0,400000,,81416,2842217,0,0,0,0,0,0,0,0,301117,0,,,,61889702,,0,0,,,65514452,,68363,,26254,94617,65419835,844892,2673995,354228,0,3873115,,0,0,,17851,61184,79035,0,0,2828042,2828042,,944453,944453,0,,0,0,0,0,,,5967956,,12748148,4472118,,0,4472118,,,0,,,,20821,20821,4492939,8255209,0,0,3,1,O'CONNOR & DREW PC,043000523,,2,,2,,2,,2,,1,500000,2,,2,,2,,1,2,2,2,,2,,2,,,,,,,,,,,,,
20180725090504P040087700897001,2017-01-01,2017-12-31,001,042821431,0,1378000,0,0,0,0,0,0,0,29770,0,0,0,349970,1665404,0,0,0,62758975,,0,0,0,0,66182119,0,0,0,0,0,66182119,0,1150000,0,0,0,0,0,0,0,58406,0,0,0,409183,2675279,0,0,0,76772748,,0,0,0,0,81065616,0,0,0,0,0,81065616,1956913,2654009,986853,0,5597775,5495,0,0,0,16342,0,21837,0,708,3482960,3483668,0,85709,86460,-751,0,-324,-324,27126,0,0,0,10195952,40000,19365283,4502240,0,0,4502240,0,0,0,0,0,14210,2431,16641,4518881,14846402,37095,,3,1,"DICICCO,GULMAN&COMPANYLLP",043296226,,2,,2,,2,,2,,1,1000000,2,,2,,2,,1,2,2,2,,2,2,2,,,,,,,,,,,,,
20180726112443P040083212727001,2017-01-01,2017-12-31,001,043130168,0,240000,0,0,491181,0,0,0,0,0,0,0,0,147079,0,0,0,0,19267800,,0,0,0,0,20146060,0,0,0,0,0,20146060,0,250000,0,0,530363,0,0,0,0,0,0,0,0,153308,0,0,0,0,23567419,,0,0,0,0,24501090,0,0,0,0,0,24501090,250000,1049495,106173,0,1405668,2580,0,0,0,5918,0,8498,0,0,1358388,1358388,0,0,0,0,0,0,0,0,0,0,0,3022760,0,5795314,1434533,0,0,1434533,0,0,0,0,0,4551,1200,5751,1440284,4355030,0,,3,1,"CLARKE, SNOW & RILEY, LLP",043428691,,2,,2,,2,,2,,1,1000000,2,,2,,2,,1,2,2,2,,2,2,2,,,,,,,,,,,,,
20180726203818P040084267191001,2017-01-01,2017-12-31,002,041802790,,,,,,,,,,,,,,1458673,61993881,,,,,,,,,,63452554,,,,,0,63452554,,,,,,,,,,,,,,1557986,77431775,,,,,,,,,,78989761,,,,,0,78989761,1158639,3789857,4039264,,8987760,,,,,63754,,63754,,,,0,,,,0,,,0,10545171,,,,,,19596685,3962899,,,3962899,3135,93444,,,,,,0,4059478,15537207,,,1,2,JOHNSON OCONNOR FERON & CARUCCI LLP,203985546,,2,,2,,2,,2,,1,500000,2,,2,,2,,1,2,2,2,,2,,2,,,,,,,,,,,,,
20180725093930P040087750097003,2017-01-01,2017-12-31,003,041123740,6137,,,165300,,,,,,,,,,,,,,,878565,,,6108507,,,7158509,,,,,,7158509,6137,,,176320,,,,,,,,,,,,,,,1004774,,,6676544,,,7863775,,,,,,7863775,,,,,,,,,,,,,,183695,,183695,,,,,,568012,568012,,,,,,,751707,46441,,,46441,,,,,,,,,46441,705266,,,1,2,"PKF, PC",043138777,,2,,2,,2,,2,,1,1000000,2,,2,,2,,1,2,2,2,,2,2,2,,,,,,,,,,,,,
20181005164209P040007424681001,2017-01-01,2017-12-31,001,042273500,0,,,,,,,,,,,,,91697,,3756343,,,,296107,,,,,4144147,,,,,0,4144147,14460,,,,,,,,,,,,,104465,,4506708,,,,328758,,,,,4954391,,,,,0,4954391,0,387619,20759,,408378,,,,,4269,3555,7824,,,,0,,,,0,,,0,,592754,,,,,1008956,153544,,,153544,22281,1934,,,,,20953,20953,198712,810244,,,3,1,"KATZ, NANNIS & SOLOMON, PC.",042887211,,2,,2,,2,,2,,1,495439,2,,2,,2,,1,2,2,2,,2,,2,,,,,,,,,,,,,
20181005125944P040083279103001,2017-01-01,2017-12-31,001,042925204,0,0,6600,0,0,0,0,0,0,0,0,0,0,52629,207510,0,0,0,10797835,,0,0,0,0,11064574,0,0,0,0,0,11064574,0,0,0,0,0,0,0,0,0,0,0,0,0,56431,256659,0,0,0,12759249,,0,0,0,0,13072339,0,0,0,0,0,13072339,0,727028,13670,0,740698,0,0,0,0,2116,0,2116,0,0,649922,649922,0,0,0,0,0,0,0,1939,0,0,0,1864488,0,3259163,1168625,0,0,1168625,66498,0,0,0,0,0,16275,16275,1251398,2007765,0,,3,1,RSM US LLP,420714320,,2,,2,,2,,2,,1,1000000,2,,2,,2,,1,2,2,2,,2,2,2,,,,,,,,,,,,,
20181005135044P040251043105001,2017-01-01,2017-12-31,003,041466100,,,,4093,19465,,,,,,,,,,,,,,0,,,42658763,,,42682321,,,20995286,,20995286,21687035,,,,9,107,,,,,,,,,,,,,,151305,,,45616367,,,45767788,,,20532688,,20532688,25235100,18143,,,,18143,974,,,,,,974,,1362867,1699,1364566,,,,0,,3071430,3071430,,,,,-695,,4454418,114157,,,114157,,,787323,,,4873,,4873,906353,3548065,,,1,2,WOLF AND COMPANY P.C.,042689883,,2,,2,,2,,2,,1,8000000,2,,2,,2,,1,2,2,2,,2,,2,,,,,,,,,,,,,
20180927134014P040215111159002,2017-01-01,2017-12-31,504,043067724,,,,7158,4726,,,122142,,300007,,,,,,,,,67404,,,,,,501437,525554,,,,525554,-24117,,,,,0,,,0,,0,,,,,,,,,0,,,,,,0,0,,,,0,0,,,,3800,3800,,,7,,,,7,,,,,,511150,423969,87181,,-65584,-65584,,,,,,,25404,,,,,,,,1287,,,,1287,1287,24117,,,1,2,MARCUM LLP,111986323,,2,,2,,2,,2,,2,,2,,2,,2,,1,2,1,2,,2,2,2,,,,,,,,,,,,,
20180531084546P030103597015001,2017-01-01,2017-12-31,001,042606179,,,,,,,,,,,,,,163286,,,,,14067632,851676,,,,,15082594,,,,,,15082594,,,,,,,,,,,,,,142684,,,,,17675032,866125,,,,,18683841,,,,,,18683841,175331,871237,309918,,1356486,,,,,6742,,6742,,,,,,,,,,,,,,,,3001074,44695,4408997,761105,,,761105,,,,,46645,,,46645,807750,3601247,,,3,1,"CARON & BLETZER, PLLC",043499945,,2,,2,,2,,2,,1,1000000,2,,2,,2,,1,2,2,2,,2,,2,,,,,,,,,,,,,
20180709131003P040047532743001,2017-01-01,2017-12-31,007,041366970,,,,896,,,,,,915501,,,,,250056,,,,1467042,,,287498023,,,290131518,,,,,0,290131518,,,,1240,,,,,,744819,,,,,30414,,,,1861008,,,302019942,,,304657423,,,,,0,304657423,,,,,0,,,,,,,0,,9263068,31592,9294660,,,,0,,26602471,26602471,2822,,,,181315,,36081268,20687303,,,20687303,,,,55842,,,50,55892,20743195,15338073,33666,845834,1,2,DELOITTE & TOUCHE LLP,133891517,,2,,2,,2,,2,,1,10000000,2,,2,,2,,1,1,2,2,,2,,2,,,,,,,,,,,,,
20180606094026P030116686759001,2017-01-01,2017-12-31,003,461710155,,0,0,0,0,,,,,,,,,,,,,,,,,6185177,,,6185177,0,0,0,3632864,3632864,2552313,,0,0,0,0,,,,,,,,,,,,,,,,,8331684,,,8331684,,,,3523625,3523625,4808059,245471,0,0,,245471,0,0,0,0,,0,0,0,0,0,0,0,0,0,0,0,2181172,2181172,0,0,0,0,4516,0,2431159,39181,0,0,39181,0,,136232,0,0,0,0,0,175413,2255746,0,,1,2,CROWE HORWATH LLP,350921680,,2,0,2,0,2,0,2,0,1,5000000,2,,2,,2,,1,2,2,2,,1,1,2,,,,,,,,,,,,,
20180831094941P030115858685001,2017-07-01,2017-11-30,003,042278461,,0,0,3747,6087138,,,,,,,,,,,,,,,,,,,,6090885,8025,0,0,0,8025,6082860,,0,0,0,0,,,,,,,,,,,,,,,,,,,,0,0,,,,0,0,0,0,0,0,0,16964,0,0,0,,0,16964,0,0,0,0,0,0,0,0,0,0,0,0,0,0,0,0,0,16964,6069212,0,0,6069212,0,,0,0,30612,0,0,30612,6099824,-6082860,0,,1,2,MARCUM LLP,111986323,,2,0,2,0,2,0,2,0,1,500000,2,,2,,2,,2,2,1,2,,2,,1,0,,,,,,,,,,,,
20180810152722P030120633217001,2017-01-01,2017-12-31,002,043130808,0,0,0,0,1975204,0,0,0,0,0,0,0,0,1454373,0,0,0,0,29468805,,0,8472504,0,0,41370886,0,0,0,0,0,41370886,0,0,0,0,1786280,0,0,0,0,0,0,0,0,1264574,0,0,0,0,37367372,,0,9249969,0,0,49668195,0,0,0,0,0,49668195,2009632,2473115,264085,0,4746832,9635,0,0,0,64911,0,74546,0,67960,2242801,2310761,0,514084,537930,-23846,0,779655,779655,0,0,0,0,3550082,0,11438030,3114893,0,0,3114893,0,11391,0,0,0,6476,7961,14437,3140721,8297309,0,,1,2,"WOLF & COMPANY, P.C.",042689883,,2,,2,,2,,2,,1,1000000,2,,2,,2,,1,2,2,2,0,2,2,2,,,,,,,,,,,,,
20180816142855P040004008601001,2017-01-01,2017-12-31,003,270396940,,,,,,,,,,,,,,,,,,,,,,,,,,,,,,,,,36444,,,,,,,,,,,,,,,,,,,,,,,36444,,,,,,36444,36444,,,,36444,,,,,,,,,,,,,,,,0,,0,,,,,,,36444,,,,,,,,,,,,,,36444,,,1,2,RSM US LLP,420714325,,2,,2,,2,,2,,2,,2,,2,,2,,2,2,2,2,,2,,2,,,,,,,,,,,,,
20181004110024P030239299905001,2017-01-01,2017-12-31,003,743073286,0,0,0,0,0,0,0,0,0,0,0,0,0,0,0,,0,0,0,,0,7568308,0,0,7568308,0,0,0,4497095,4497095,3071213,0,0,0,0,1260,0,0,0,0,0,0,0,0,0,0,,0,0,0,,0,7196065,0,0,7197325,1260,0,0,4378287,4379547,2817778,300506,0,0,0,300506,0,0,0,0,0,0,0,0,0,0,0,0,10762,11270,-508,0,-360975,-360975,0,0,0,0,0,0,-60977,15256,0,0,15256,0,0,168641,0,0,0,8561,8561,192458,-253435,0,0,1,2,"GRAY, GRAY & GRAY LLP",042088368,,2,,2,,2,,2,,1,1000000,2,,2,,2,,1,2,2,2,,2,,2,,,,,,,,,,,,,
20181008131248P030091757695001,2017-01-01,2017-12-31,001,042488241,,,,,,,,,,,,,,,,,,,8094828,,,,,,8094828,,,,,0,8094828,,,,,,,,,,,,,,,,,,,880298,,,,,,880298,,,,,0,880298,,,,,0,,,,,166,,166,,,46853,46853,,,,0,,,0,,,,,235226,4708,286953,7501317,,,7501317,,166,,,,,,0,7501483,-7214530,0,0,3,1,"DICICCO, GULMAN & COMPANY LLP",043296226,,2,,2,,2,,2,,1,500000,2,,2,,2,,1,2,2,2,,2,,1,0,,,,,,,,,,,,
20181003103939P040149585821001,2017-01-01,2017-12-31,002,042547913,,14791,,4,14459,,,,,,,,,,,,,,,,,29284634,,,29313888,,,2571300,,2571300,26742588,,2409757,,28,29435,,,,,,,,,,,,,,,,,36575665,,,39014885,,,2409757,,2409757,36605128,3171599,,,,3171599,209,,,,,,209,,,,0,,,,0,,7291030,7291030,,,,,,,10462838,471733,,,471733,,,128565,,,,,0,600298,9862540,,,1,2,"SIEGRIST, CREE, ALESSANDRI & STRAUS",042745810,,2,,2,,2,,2,,1,1500000,2,,2,,2,,1,2,2,2,,2,,2,,,,,,,,,,,,,
20181008072519P030248783921001,2017-01-01,2017-12-31,003,041309690,,,,,,,,,,,,,,251920,0,,,,39662245,,,,,,39914165,,,,,0,39914165,,,,,,,,,,,,,,165755,0,,,,45821574,,,,,,45987329,,,,,0,45987329,1302442,1333344,602500,,3238286,,,,,8418,,8418,,,1151807,1151807,,,,0,,,0,,,,,5662363,,10060874,3982822,,,3982822,3510,,,,,,1378,1378,3987710,6073164,,,3,1,"WOLF & COMPANY, PC",042689883,,2,,2,,2,,2,,1,10000000,2,,2,,2,,1,2,2,2,,2,,2,,,,,,,,,,,,,
20180731094747P040092562743001,2017-01-01,2017-12-31,003,042041237,0,,,1277,3596471,,,,,885102,,,,,,,,,6639602,,,15714382,,,26836834,,,2989449,,2989449,23847385,0,,,1478,1656748,,,,,0,,,,,,,,,8066856,,,11729852,,,21454934,,,0,,0,21454934,2953514,,,,2953514,,,,,,,0,,2260497,176795,2437292,,,,0,,-3984530,-3984530,,,,,197929,,1604205,3798001,,,3798001,,,186841,,,11814,,11814,3996656,-2392451,,,1,2,"BLUM, SHAPIRO AND COMPANY, P.C",061009205,,2,,2,,2,,2,,1,5000000,2,,2,,2,,1,1,2,2,,2,,1,0,,,,,,,,,,,,
20180723081049P030003022361001,2017-01-01,2017-12-31,003,731627673,,0,0,0,1243327,,,,,,,,,,,,,,,,,16794199,,,18037526,0,0,0,7865655,7865655,10171871,,0,0,0,1234653,,,,,,,,,,,,,,,,,19453775,,,20688428,,,,7134853,7134853,13553575,1253517,0,0,0,1253517,8187,0,0,0,,0,8187,0,215149,0,215149,0,0,0,0,0,2775447,2775447,0,0,0,0,0,0,4252300,241344,0,0,241344,0,,629252,0,0,0,0,0,870596,3381704,0,0,1,2,"WOLF & COMPANY, P.C.",042689883,,2,0,2,0,2,0,2,0,1,8000000,2,,2,,2,,1,2,2,2,,2,,2,,,,,,,,,,,,,
20180720085628P030070420567001,2017-01-01,2017-12-31,002,042389826,,0,32331,0,,,,,,,,,,259190,3699451,,,,8562765,634178,,,,,13187915,0,0,0,21988,21988,13165927,,0,24708,0,,,,,,,,,,228316,5489088,,,,9086490,769275,,,,,15597877,,,,,0,15597877,0,1032064,209221,,1241285,0,0,0,0,13093,6813,19906,0,0,96049,96049,0,0,0,0,0,0,0,661123,0,0,0,1479232,0,3497595,1048330,0,0,1048330,0,0,,0,17315,0,0,17315,1065645,2431950,0,,3,1,"KAHN, LITWIN, RENZA & CO., LTD",050409384,,2,0,2,0,2,0,2,0,1,1100000,2,,2,,2,,1,2,2,2,,2,,2,,,,,,,,,,,,,
20180723131317P040051372621001,2017-01-01,2017-12-31,002,043497377,,,,,,,,,,,,,,293237,12834243,,,,,,,,,,13127480,,,,,0,13127480,,,,,,,,,,,,,,429122,16186342,,,,,,,,,,16615464,,,,,0,16615464,407004,588220,113589,,1108813,,,,,15211,,15211,,,,0,,,,0,,,0,3562491,,,,,,4686515,1175403,,,1175403,,23128,,,,,,0,1198531,3487984,,,1,2,WHITTLESEY PC,060903326,,2,,2,,2,,2,,1,500000,2,,2,,2,,1,2,2,2,,2,,2,,,,,,,,,,,,,
20180719105216P030068462055001,2017-01-01,2017-12-31,006,041123740,,8943,11939,,,,,,,,,,,905425,2850223,,,,27642749,,,,,,31419279,,,,,,31419279,,9703,13881,,,,,,,,,,,873883,2479895,,,,34631506,,,,,,38008868,,,,,,38008868,934376,921280,28928,,1884584,,,,,38891,,38891,,,2172528,2172528,,,,,,,,35237,,,,3419557,,7550797,951750,,,951750,,,,,,,9458,9458,961208,6589589,,,3,1,"PKF, P.C.",043138777,,2,,2,,2,,2,,1,500000,2,,2,,2,,1,2,2,2,,2,2,2,,,,,,,,,,,,,
20180813141159P040117656007001,2017-01-01,2017-12-31,002,043175021,581545,3846,,,,,,,,,,,,,,,,,,,,1522080,,,2107471,,,622041,,622041,1485430,424231,1567,,,3756,94824,,126022,,67027,,,,,,,,,225435,,,1638466,,,2581328,,,530474,,530474,2050854,302414,,,,302414,119,835,1795,,,,2749,,991,4605,5596,,,,0,,125189,125189,,,,,3617,158629,598194,9788,,,9788,,,19280,,,,3702,3702,32770,565424,,,1,2,"SULLIVAN AND FOLAN, LLC",043252952,,2,,2,,2,,2,,1,210747,2,,2,,2,,1,2,2,2,,2,,2,,,,,,,,,,,,,
20180717134620P030064165127001,2017-01-01,2017-12-31,004,043402944,0,0,0,0,5398,0,0,0,0,188916,0,0,0,1625563,5323508,0,0,0,54031291,,0,0,0,0,61174676,0,0,0,0,0,61174676,0,0,0,0,15476,0,0,0,0,104558,0,0,0,1771753,5569151,0,0,0,70469937,,0,0,0,0,77930875,0,0,0,0,0,77930875,2800838,4413466,2265411,0,9479715,224,0,0,0,74819,0,75043,0,3385,2727378,2730763,0,88634,87077,1557,0,1550,1550,71737,0,0,0,7989722,139318,20489405,3620791,0,0,3620791,2186,13278,0,0,0,16412,80539,96951,3733206,16756199,0,,3,1,BATCHELOR FRECHETTE MCCRORY MICHAEL,050487888,,2,,2,,2,,2,,1,5000000,2,,2,,2,,1,2,2,1,308,2,2,2,,,,,,,,,,,,,
20180928105423P040234339809001,2017-01-01,2017-12-31,003,042301242,,0,0,0,,,,,,,,,,,,,,,,,,1502000,,,1502000,0,0,0,0,0,1502000,,0,0,0,,,,,,,,,,,,,,,,,,2783040,,,2783040,,,,,0,2783040,211907,0,0,0,211907,0,0,0,0,,0,0,0,0,0,0,0,0,0,0,0,1281040,1281040,0,0,0,0,0,8074,1501021,219981,0,0,219981,0,,0,0,0,0,0,0,219981,1281040,0,,1,2,"COLES & BODOIN, LLP",042620388,,2,0,2,0,2,0,2,0,1,500000,2,,2,,2,,1,2,2,2,,2,,2,,,,,,,,,,,,,
20181001094342P030230320193001,2017-01-01,2017-12-31,002,743073286,0,0,0,0,604498,0,0,0,0,0,0,0,0,236125,0,0,0,0,5104344,,0,0,0,0,5944967,0,0,0,0,0,5944967,0,0,0,0,686159,0,0,0,0,0,0,0,0,505893,0,0,0,0,16305052,,0,0,0,0,17497104,0,0,0,0,0,17497104,583282,1190049,202744,0,1976075,3326,0,0,0,19339,0,22665,0,0,685632,685632,0,0,0,0,0,0,0,0,0,0,0,1422799,0,4107171,1337904,0,0,1337904,5976,0,0,0,0,0,14701,14701,1358581,2748590,8803547,,3,1,"GRAY, GRAY & GRAY, LLP",042088368,,1,52997,2,,2,,2,,1,500000,2,,2,,2,,1,2,2,2,,2,2,2,,,,,,,,,,,,,
20180928151255P030085227247001,2017-01-01,2017-12-31,001,521405842,0,152231,12169,29970000,1426327,0,0,0,0,0,0,0,0,534407,0,0,0,0,57653955,,0,0,0,0,89749089,0,0,0,0,0,89749089,0,78651,0,0,2622148,0,0,0,0,0,0,0,0,1169746,0,0,0,0,101113394,,0,0,0,0,104983939,0,0,0,0,0,104983939,2431641,6242208,701124,0,9374973,13763,0,0,0,39583,0,53346,0,0,5415136,5415136,0,0,0,0,0,0,0,0,0,0,0,10220109,0,25063564,9790491,0,0,9790491,10676,0,0,0,0,17366,10181,27547,9828714,15234850,0,,3,1,MAYER HOFFMAN MCCANN P.C.,431947695,,2,,2,,2,,2,,1,500000,2,,2,,2,,1,2,2,2,,1,1,2,,,,,,,,,,,,,
20181001100958P040145990173001,2017-01-01,2017-12-31,001,042803764,63,0,0,0,576906,0,0,0,0,181188,0,0,0,139786,0,0,0,0,22156871,,0,0,0,0,23054814,0,0,0,0,0,23054814,498,0,0,0,534799,0,0,0,0,276596,0,0,0,166480,0,0,0,0,27375021,,0,0,0,0,28353394,0,0,0,0,0,28353394,1037536,1220417,61838,0,2319791,2447,0,0,0,7287,0,9734,0,2814,1299697,1302511,0,170243,168592,1651,0,64858,64858,0,0,0,0,3689473,0,7388018,2080404,0,0,2080404,4237,0,0,0,0,2984,1813,4797,2089438,5298580,0,,3,1,"GRAY, GRAY & GRAY, LLP",042088368,,2,,2,,2,,2,,1,550000,2,,2,,2,,1,2,2,2,,2,2,2,,,,,,,,,,,,,
20181002092537P040009613797001,2017-10-01,2018-02-28,001,042318619,,,,,,,,,,,,,,46493,,1793807,,,12948018,2741872,,,,,17530190,,,,,0,17530190,,,,,,,,,,,,,,0,,0,,,0,0,,,,,0,,,,,0,0,,196394,341845,,538239,,,,,652,18849,19501,,,106701,106701,,,,0,,,0,,,,,641192,15000,1320633,4003887,,,4003887,,,,,,,25624,25624,4029511,-2708878,,14821312,3,1,MAYER HOFFMAN MCCANN PC,431947695,,2,,2,,2,,2,,1,500000,2,,2,,2,,2,2,1,2,,1,1,1,0,,,,,,,,,,,,
20180412160522P030031664429001,2017-01-01,2017-06-16,003,041174490,,,,,213030,,,,,,,,,,,,,,,,,6891661,,,7104691,,,,,0,7104691,,,,,0,,,,,,,,,,,,,,,,,0,,,0,,,,,0,0,,,,,0,413,,,,,,413,,22375,,22375,,520449,,520449,,,0,,,,,,,543237,7647450,,,7647450,,,,478,,,,478,7647928,-7104691,,,3,1,BERRY DUNN MCNEIL & PARKER LLC,010523282,,2,,2,,2,,2,,1,5000000,2,,2,,2,,2,1,1,2,,2,,1,0,,,,,,,,,,,,
20181002094035P030215654711001,2017-10-01,2018-05-01,002,042318619,309658,0,,,,,,,,,,,,,,,,,,,,0,,,309658,,,,,0,309658,0,0,,,,,,,,,,,,,,,,,,,,0,,,0,,,,,0,0,,,,,0,,,,,,,0,,,,0,,,,0,,,0,,,,,,,0,309658,,,309658,,,,,,,,0,309658,-309658,,,1,2,MAYER HOFFMAN MCCANN PC,431947695,,2,,2,,2,,2,,1,500000,2,,2,,2,,2,2,1,2,,2,,1,0,,,,,,,,,,,,
20180724154714P030003172329001,2017-01-01,2017-12-31,002,043067724,,,,,,,,,,,,,,3237078,132805890,,,,,,,,,,136042968,,,,,0,136042968,,,,,,,,,,,,,,3597919,154781904,,,,,,,,,,158379823,,,,,0,158379823,2915048,6816921,1640531,,11372500,,,,,145189,,145189,,,,0,,,,0,,,0,22576521,,,,,,34094210,11665140,,,11665140,,144933,,,,,,0,11810073,22284137,52718,,1,2,JOHNSON OCONNOR FERON & CARUCCI LLP,203985546,,2,,2,,2,,2,,1,500000,2,,2,,2,,1,2,2,2,,2,,2,,,,,,,,,,,,,
20181002124740P030158606477001,2017-01-01,2017-12-31,001,042550058,2499,0,,,,,,,,,,,,174174,1807197,,,,3849905,,,,,,5833775,,,,1559,1559,5832216,6602,0,,,,,,,,,,,,188728,4006995,,,,3194856,,,,,,7397181,,,,1683,1683,7395498,140702,807925,82486,,1031113,,,,,7431,,7431,,,127231,127231,,,,0,,,0,489640,,,,451957,6343,2113715,509323,,,509323,,,,21877,,19233,,41110,550433,1563282,,,3,1,"O'CONNOR & DREW, P.C.",043000523,,2,,2,,2,,2,,1,500000,2,,2,,2,,1,2,2,2,,2,,2,,,,,,,,,,,,,
20190715155818P030355035201001,2017-10-01,2018-09-30,003,042631963,,6856134,0,0,,,,,,112656096,,,,,,7402104,,,19760515,,,120087027,,,266761876,0,0,0,0,0,266761876,,7444527,0,0,,,,,,130411541,,,,,,5932628,,,14084232,,,140725814,,,298598742,,,,,0,298598742,7444527,0,0,0,7444527,0,0,0,0,,0,0,0,35120,639697,674817,0,0,0,0,0,41223787,41223787,0,112702,0,0,174725,0,49630558,17714342,0,0,17714342,0,,0,0,42950,36000,400,79350,17793692,31836866,0,,1,2,"CARON & BLETZER, PLLC",043499945,,2,0,2,0,2,0,2,0,1,1000000,2,,2,,2,,1,2,2,2,,2,,2,,,,,,,,,,,,,
20181206154227P040085565095001,2017-03-01,2018-02-28,002,042324804,,3500000,0,7531,124007,,,,,,,,,,,,,,,,,11923909,,,15555447,0,0,0,0,0,15555447,,0,0,2644,2728881,,,,,,,,,,,,,,,,,14434063,,,17165588,,,,,0,17165588,0,0,0,0,0,17030,0,0,0,,0,17030,0,0,0,0,0,0,0,0,0,2510154,2510154,0,0,0,0,0,108,2527292,917151,0,0,917151,0,,0,0,0,0,0,0,917151,1610141,0,,1,2,"SULLIVAN AND FOLAN, LLC",043252952,,2,0,2,0,2,0,2,0,1,1000000,2,,2,,2,,1,2,2,2,,2,,2,,,,,,,,,,,,,
20181206162552P030077928365001,2017-03-01,2018-02-28,001,042324804,,1010,37144,0,,,,,,,,,,1069770,12494991,,,,23935801,,,,,,37538716,0,0,0,0,0,37538716,,1501328,37886,0,,,,,,,,,,1316737,14879611,,,,26349869,,,,,,44085431,,,,,0,44085431,1818755,1913767,70236,,3802758,0,0,0,0,65977,0,65977,0,0,283592,283592,0,0,0,0,0,0,0,1129189,0,0,0,3435822,0,8717338,2345698,0,0,2345698,0,0,,0,19556,0,0,19556,2365254,6352084,194631,,3,1,"SULLIVAN AND FOLAN, LLC",043252952,,2,0,2,0,2,0,2,0,1,500000,2,,2,,2,,1,2,2,2,,2,,2,,,,,,,,,,,,,
20190715122210P040364104599001,2017-10-01,2018-09-30,004,042631963,0,2049317,3423484,0,,,,,,,,,,492841,59882882,12713623,,,21635734,6041259,9463454,,,,115702594,0,0,0,0,0,115702594,0,2063260,3534364,0,,,,,,,,,,611967,65682890,15586881,,,23325844,6488768,10892820,,,,128186794,,,,,0,128186794,3343284,5135808,275925,,8755017,0,0,0,0,20779,106079,126858,0,0,409167,409167,0,0,0,0,0,0,0,4631293,2258036,0,0,817750,968771,17966892,4940124,0,0,4940124,364459,0,,0,178109,0,0,178109,5482692,12484200,0,,3,1,"CARON & BLETZER, PLLC",043499945,,2,0,2,0,2,0,2,0,1,500000,2,,2,,2,,1,2,2,2,,2,,2,,,,,,,,,,,,,
20190715125001P040012350089001,2017-10-01,2018-09-30,001,042597651,,0,0,124331,6036247,,,,,,,,,7140,,,,,,,,,,,6167718,71337,0,0,7140,78477,6089241,,0,0,12643,6108485,,,,,,,,,0,,,,,,,,,,,6121128,70858,,,0,70858,6050270,0,0,0,0,0,99496,0,0,0,0,0,99496,0,0,0,0,0,0,0,0,0,0,0,0,0,0,0,0,1283326,1382822,1303354,0,0,1303354,0,0,0,35545,41053,48000,-6159,118439,1421793,-38971,0,,3,1,MAYER HOFFMAN MCCANN P.C.,431947695,,2,0,2,0,2,0,2,0,1,1000000,2,,2,,2,,1,2,2,2,,2,,2,,,,,,,,,,,,,
20190220142558P030034046431001,2017-04-01,2018-03-31,003,042482120,7431,,,217,,,,,,,,,,,,,,,,,,4940973,,,4948621,,,,,0,4948621,7423,,,241,,,,,,,,,,,,,,,,,,4607993,,,4615657,,,,,0,4615657,,,,,0,16,,,,,,16,,,,0,,,,0,,24591,24591,,,,,,,24607,357546,,,357546,,,,,,,25,25,357571,-332964,,,1,2,"SULLIVAN BILLE, P.C.",043296201,,2,,2,,2,,2,,1,1000000,2,,2,,2,,1,2,2,2,,2,,2,,,,,,,,,,,,,
20181010112342P040244943415001,2017-01-01,2017-12-31,002,042741165,,,,,,,,,,,,,,205072,,,,,27191320,1996908,,,,,29393300,,,,,0,29393300,,,,,,,,,,,,,,194652,,,,,31593768,1681956,,,,,33470376,,,,,0,33470376,356932,870359,108918,,1336209,,,,,5709,20552,26261,,,1169609,1169609,,,,0,,,0,,,,,3679078,30823,6241980,2148476,,,2148476,,,,,,,16428,16428,2164904,4077076,,,3,1,"LMHS, P.C.",042971374,,2,,2,,2,,2,,1,500000,2,,2,,2,,1,2,2,2,,2,,2,,,,,,,,,,,,,
20181010114934P030169326493001,2017-01-01,2017-12-31,001,042086300,0,98094,6207,0,0,0,0,0,0,0,0,0,0,75179,57186,,0,0,7765216,,0,0,0,0,8001882,0,,0,0,0,8001882,0,88086,0,0,0,0,0,0,0,0,0,0,0,44902,110942,,0,0,7992835,,0,0,0,0,8236765,0,,0,0,0,8236765,78925,361655,38094,0,478674,0,0,0,0,1999,0,1999,0,0,320434,320434,0,0,0,0,0,0,0,1435,0,0,0,972275,1829,1776646,1540451,0,0,1540451,0,0,0,0,1312,0,0,1312,1541763,234883,,,3,1,"BDO USA, LLP",135381590,,1,8331,2,,2,,2,,1,1000000,2,,2,,2,,1,2,2,2,,2,2,2,,,,,,,,,,,,,
20181010102910P030093735583001,2017-01-01,2017-12-31,002,043061714,,132978,,,,,,,,,,,,,,,,,494634,,,9123623,,,9751235,,,2761486,57499,2818985,6932250,,0,,,,,,,,,,,,,,,,,310509,,,11907444,,,12217953,,,2511047,52285,2563332,9654621,388514,,,,388514,3232,,,,,,3232,,,,0,,,,0,2650843,,2650843,,,,,,,3042589,187357,,,187357,,,132861,,,,,0,320218,2722371,,,1,2,CARON & BLETZER,043499945,,2,,2,,2,,2,,1,2000000,2,,2,,2,,1,2,2,2,,2,,2,,,,,,,,,,,,,
20190115155209P040168087505001,2017-07-01,2018-06-30,002,042517090,0,0,0,0,1680818,0,0,0,0,0,0,0,0,0,0,,0,0,0,,0,34898183,0,0,36579001,0,0,0,0,0,36579001,0,70678,0,0,3311665,0,0,0,0,0,0,0,0,0,0,,0,0,0,,0,41360810,0,0,44743153,0,0,0,0,0,44743153,3765039,,,,3765039,,,,,,,0,,,,0,,,,0,,6462626,6462626,,,,,,,10227665,2062300,,,2062300,,,,,1213,,,1213,2063513,8164152,,,1,2,"GRAY, GRAY & GRAY, LLP",042088368,,2,,2,,2,,2,,1,1000000,2,,2,,2,,1,1,2,2,,2,,2,,,,,,,,,,,,,
20190104144453P030144366759001,2017-05-01,2018-04-30,002,822323992,448,222037,147708,,1372504,,,,,48713,,,,,,,,,39908103,,51906,,,,41751419,,,,,0,41751419,59030,464762,158456,,2029194,,,,,,,,,,,,,,47650164,,152664,,,,50514270,,,,,0,50514270,984762,3479558,1489054,,5953374,,,,,,,0,,,1995152,1995152,,,,0,,,0,,,,,2886446,25131,10860103,2003240,,,2003240,,,,94012,,,,94012,2097252,8762851,,,3,1,RSM US LLP,420714325,,2,,2,,2,,2,,1,1000000,2,,2,,2,,1,2,2,2,,2,,2,,,,,,,,,,,,,
20181011133503P040266625777001,2017-01-01,2017-12-31,003,042777442,,340000,0,141,635153,,,,,,,,,,,,,,,,,19213814,,,20189108,383,0,0,0,383,20188725,,340000,0,-40148,819064,,,,,,,,,,,,,,,,,26364962,,,27483878,1407044,,,0,1407044,26076834,340000,0,0,0,340000,4918,0,0,0,,0,4918,617297,0,0,617297,0,0,0,0,0,6929106,6929106,0,0,0,0,0,0,7891321,2003212,0,0,2003212,0,,0,0,0,0,0,0,2003212,5888109,0,,1,2,BAKER NEWMAN NOYES,010494526,,2,0,2,0,2,0,2,0,1,15000000,2,,2,,2,,1,2,2,2,,1,1,2,,,,,,,,,,,,,
20181010160925P030233560023001,2017-01-01,2017-12-31,001,042993095,,,,,,,,,,,,,,71667,,,,,10966473,423040,,,,,11461180,,,,,0,11461180,,,,,,,,,,,,,,79474,,,,,12121361,418552,,,,,12619387,,,,,0,12619387,122167,559990,64782,,746939,,,,,2545,4578,7123,,,741733,741733,,,,0,,,0,,,,,1125897,10428,2632120,1464589,,,1464589,,6299,,,,,3025,3025,1473913,1158207,,,3,1,"DARMONDY, MERLINO & CO, LLP",042273266,,1,698000,2,,2,,2,,1,500000,2,,2,,2,,1,2,2,2,,1,1,2,,,,,,,,,,,,,
20181010135405P030233224519001,2017-01-01,2017-12-31,003,042745179,100,,,,,,,,,,,,,,,,,,,,,5065348,,,5065448,,,449042,,449042,4616406,100,,,,,,,,,,,,,,,,,,,,,5330723,,,5330823,,,210350,,210350,5120473,262237,,,,262237,,,,,,,0,,,,0,,,,0,,384997,384997,,,,,,,647234,119622,,,119622,,,23545,,,,,0,143167,504067,,,1,2,"KING, MCNAMARA & MORIARTY",042686846,,2,,2,,2,,2,,1,1000000,2,,2,,2,,1,2,2,2,,2,,2,,,,,,,,,,,,,
20181010150738P040010658437001,2017-01-01,2017-12-31,003,041078435,,0,0,0,0,,,,,,,,,,,,,,,,,13055796,,,13055796,0,0,0,4071182,4071182,8984614,,0,0,0,0,,,,,,,,,,,,,,,,,13101207,,,13101207,,,,3969181,3969181,9132026,253224,0,0,,253224,0,0,0,0,,0,0,0,0,0,0,0,0,0,0,0,134371,134371,0,0,0,0,-449,0,387146,88511,0,0,88511,0,,151223,0,0,0,0,0,239734,147412,0,,1,2,"BAKER, NEWMAN, NOYES",010494526,,2,0,2,0,2,0,2,0,1,1000000,2,,2,,2,,1,2,2,2,,2,,2,,,,,,,,,,,,,
20190414145917P030007777909001,2017-07-01,2018-06-30,506,041366970,,,47195,606457,,,,,,,,,,,,,2544410,,,,,,,,3198062,,,,15744,15744,3182318,,,45694,0,,,,,,,,,,,,,2461145,,,,,,,,2506839,,,,20029,20029,2486810,2099847,587980,,,2687827,,,,,,,0,,,,0,,,,0,,,0,,,-4684,,,,2683143,2693277,590312,,3283589,,,,,93096,1966,,95062,3378651,-695508,,,3,1,DELOITTE & TOUCHE LLP,133891517,,2,,2,,2,,2,,1,10000000,2,,2,,2,,2,2,2,2,,,,2,,,,,,,,,,,,,
20190414150018P040007725557001,2017-07-01,2018-06-30,504,041366970,,,526787,,,,,,,,,,,,,,125208578,,,,,,,,125735365,63963,7057175,,221105,7342243,118393122,,,532906,,,,,,,,,,,,,,122746474,,,,,,,,123279380,124533,7255925,,200713,7581171,115698209,96185,14792816,15936468,,30825469,,,,,,,0,,,,0,,,,0,,,0,,,571877,,,7212,31404558,32556920,,,32556920,,,,18000,1505898,17473,1180,1542551,34099471,-2694913,,,3,1,DELOITTE & TOUCHE LLP,133891517,,2,,2,,2,,2,,1,10000000,2,,2,,2,,2,2,2,2,,,,2,,,,,,,,,,,,,
20190414150115P030169658353001,2017-07-01,2018-06-30,599,041366970,,,,120070,27218404,,,,,,,,,,102237527,,,,,,,,,,129576001,,,,,0,129576001,,,,46011,24753629,,,,,,,,,,102226267,,,,,,,,,,127025907,,,,,0,127025907,,,,,0,463551,,,,,,463551,,,,0,,,,0,,,0,-11014,,,,,,452537,,,,0,,,,,,,,0,0,452537,15843766,18846397,,,,,1,,,2,,2,,2,,,,,,,,,,1,1,,,,,,,,,,,,,,,,,,,
20190129091609P040025439511001,2017-07-01,2018-06-30,002,042278461,,0,0,0,,,,,,,,,,781588,5901325,12427066,,,4116577,1335852,,,,,24562408,0,0,0,0,0,24562408,,0,0,0,,,,,,,,,,829930,9499542,16625957,,,4844193,1877606,,,,,33677228,,,,,0,33677228,1447777,2347133,1319797,,5114707,0,0,0,0,28740,21492,50232,0,0,56139,56139,0,0,0,0,0,0,0,515305,1643781,0,0,291239,1,7671404,952026,0,0,952026,0,0,,0,14953,0,0,14953,966979,6704425,2410395,,3,1,MARCUM LLP,111986323,,1,208,2,0,2,0,2,0,1,500000,2,,2,,2,,1,2,2,2,,2,,2,,,,,,,,,,,,,
20190129091824P040001035913001,2017-07-01,2018-06-30,001,042278461,,18115290,0,0,,,,,,,,,,,,39210689,,,,,,,,,57325979,0,0,0,0,0,57325979,,0,0,0,,,,,,,,,,,,57017888,,,,,,,,,57017888,,,,,0,57017888,0,0,0,,0,0,0,0,0,,0,0,0,0,0,0,0,0,0,0,0,0,0,0,1224010,0,0,0,0,1224010,1456730,0,0,1456730,0,,,0,11143,21103,43125,75371,1532101,-308091,0,,3,1,MARCUM LLP,111986323,,2,0,2,0,2,0,2,0,1,500000,2,,2,,2,,1,1,2,2,,,,1,0,,,1,,,,,,,,,4122285
20181010125214P030233025767001,2017-01-01,2017-12-31,002,201998367,10000,400000,,16082,21839,,,1252479,,0,,,,,,,,,,,,0,,,1700400,,,,,0,1700400,22500,1500000,,6114,31334,,,456614,,0,,,,,,,,,,,,1473875,,,3490437,,,,,0,3490437,1500000,,,,1500000,,,32792,,,,32792,,,0,0,,1022980,1037518,-14538,,311375,311375,,,,,,,1829629,37303,,,37303,,,,,,2274,15,2289,39592,1790037,,,1,2,"DICICCO, GULMAN & COMPANY, LLP",043296226,,2,,2,,2,,2,,1,1000000,2,,2,,2,,1,1,2,2,,2,,2,,,,,,,,,,,,,
20190913104505P030007726365001,2017-12-01,2018-11-30,002,813645861,,2309117,0,892907,4629521,,,,,,,,,,,,,,,,,183414346,,,191245891,0,0,0,47452750,47452750,143793141,,3332117,0,772702,3961366,,,,,,,,,,,,,,,,,186826494,,,194892679,0,,,44610840,44610840,150281839,4487681,0,0,1123000,5610681,165183,0,0,0,,0,165183,0,0,0,0,0,0,0,0,0,32108204,32108204,0,0,0,0,0,2860764,40744832,19700867,0,0,19700867,0,,1768970,0,0,0,0,0,21469837,19274995,0,12786297,1,2,CROWE LLP,350921680,,2,0,2,0,2,0,2,0,1,5000000,2,,2,,2,,1,2,2,2,,2,,2,,,,,,,,,,,,,
20181010133139P030233169559001,2017-01-01,2017-12-31,001,042777442,2061339,,,,,1496306,,4437078,101028,17545428,,,,,,,,,9660126,,4519298,,,,39820603,,,,,0,39820603,1626590,,,,,2927851,,4283292,0,20293915,,,,,,,,,11459320,,4655670,,,,45246638,,,,,0,45246638,,,,,0,1004,15313,174832,,,84685,275834,852,253160,235042,489054,,13749193,13265366,483827,,4256644,4256644,,,,,1304859,37673,6847891,1244781,,,1244781,,,,143202,,33873,,177075,1421856,5426035,,,3,1,BAKER NEWMAN NOYES LLC,010494526,,2,,2,,2,,2,,1,10000000,2,,2,,2,,1,2,2,2,,2,,2,,,,1,,,,,,,,,4093949
20181010132652P030255737697001,2017-01-01,2017-12-31,002,042777442,,0,0,,,,,,,,,,,447799,17603415,8125101,,,19786422,,,,,,45962737,,,,,0,45962737,56328,579586,85348,105,2959155,,,,,,,,,538780,0,0,,,46703514,,,,,,50922816,,,,,0,50922816,1242344,2003030,338117,,3583491,1252,,,,16647,,17899,,,874401,874401,,,,0,,,0,2385293,1243650,,,2388754,9354,10502842,5538526,,,5538526,,,,,4237,,,4237,5542763,4960079,,,3,1,BAKER NEWMAN NOYES LLC,010494526,,1,94245,2,,2,,2,,1,15000000,2,,2,,2,,1,2,2,2,,1,1,2,,,,,,,,,,,,,
20190114153050P030164352385001,2017-04-01,2018-03-31,002,042482120,0,0,0,0,0,0,0,0,0,0,0,0,0,101140,0,0,0,,4857750,1726,0,0,0,0,4960616,0,0,0,0,0,4960616,0,0,0,0,0,0,0,0,0,0,0,0,0,70123,0,0,0,,5969809,2009,0,0,0,0,6041941,0,0,0,0,0,6041941,0,307347,292926,0,600273,0,0,0,0,3230,21,3251,0,0,0,0,0,0,0,0,0,0,0,0,0,0,0,729654,0,1333178,245551,0,0,245551,5784,0,0,0,518,0,0,518,251853,1081325,0,0,3,1,"SULLIVAN BILLE, P.C.",043296201,,1,104738,2,,2,,2,,1,500000,2,,2,,2,,1,2,2,2,,2,,2,,,,,,,,,,,,,
20181015174922P040008505369001,2017-01-01,2017-12-31,002,042273500,,650000,,,,,,,,,,,,,,,,,,,,,,,650000,,,,,0,650000,,265000,,,3,653974,,,,,,,,,,,,,,,,,,,918977,,,,,0,918977,265000,,,,265000,3,,,,,,3,,,4638,4638,,,,0,,-664,-664,,,,,,,268977,,,,0,,,,,,,,0,0,268977,,,1,2,"KATZ, NANNIS & SOLOMON, PC",042887211,,2,,2,,2,,2,,2,,2,,2,,2,,1,2,2,2,,2,,2,,,,,,,,,,,,,
20181012101528P040250409607001,2017-01-01,2017-12-31,002,042925204,,719245,,,125543,,,,,,,,,,,,,,,,,36688133,,,37532921,,,44903180,3181449,48084629,-10551708,,1014093,,,125568,,,,,,,,,,,,,,,,,31688993,,,32828654,,,41421731,3481449,44903180,-12074526,1772108,,,,1772108,25,,,,,,25,,3169454,,3169454,,,,0,,-4999140,-4999140,,,,,,,-57553,440,,,440,,,1464825,,,,,0,1465265,-1522818,,,1,2,RSM US LLP,420714320,,2,,2,,2,,2,,1,1000000,2,,2,,2,,1,2,2,2,,2,,2,,,,,,,,,,,,,
20181012093622P030238641191001,2017-01-01,2017-12-31,001,042460805,243,0,0,0,1737,0,0,0,0,0,0,0,0,41705,0,2313257,0,0,0,0,0,0,0,0,2356942,0,0,0,0,0,2356942,317,0,0,0,1758,0,0,0,0,0,0,0,0,39202,0,2673074,0,0,0,0,0,0,0,0,2714351,0,0,0,0,0,2714351,0,106894,0,0,106894,21,0,0,0,1724,66,1811,0,0,0,0,0,0,0,0,0,0,0,0,376609,0,0,0,1018,486332,128203,0,0,128203,0,0,0,0,120,600,0,720,128923,357409,0,0,3,1,"BDO USA, LLP",135381590,,1,28790,2,,2,,2,,1,500000,2,,2,,2,,1,2,2,2,,2,,2,,,,,,,,,,,,,
20181012090040P030261004833001,2017-01-01,2017-12-31,004,042745179,,,,,0,,,,,,,,,259755,,,,,24404812,5276035,,,,,29940602,,,,,0,29940602,,,,,,,,,,,,,,244151,,,,,29017150,5363047,,,,,34624348,,,,,0,34624348,503069,1354017,69562,,1926648,,,,,11760,,11760,,,,0,,,,0,,,0,,5489841,,,,,7428249,2742298,,,2742298,,,,,2205,,,2205,2744503,4683746,,,3,1,KING MCNAMARA AND MORIARTY LLP,042686846,,2,,2,,2,,2,,1,1000000,2,,2,,2,,1,2,2,2,,2,,2,,,,,,,,,,,,,
20181012092853P030261058065001,2017-01-01,2017-12-31,001,042224182,0,0,0,0,852735,0,0,0,0,0,0,0,0,127307,2931653,0,0,0,15271072,,32444,0,0,0,19215211,0,0,0,0,0,19215211,0,0,0,0,473815,0,0,0,0,0,0,0,0,161884,2752326,0,0,0,18714470,,31977,0,0,0,22134472,0,0,0,0,0,22134472,0,852022,801476,0,1653498,2508,0,0,0,7603,0,10111,0,0,872921,872921,0,0,0,0,0,0,0,20052,0,0,0,1985053,-467,4541168,1588304,889,0,1589193,30371,0,0,0,0,568,1775,2343,1621907,2919261,0,,3,1,"BDO USA, LLP",135381590,,2,,2,,2,,2,,1,1000000,2,,2,,2,,1,2,2,2,,2,2,2,,,,,,,,,,,,,
20181012092016P030238608663001,2017-01-01,2017-12-31,002,043050515,6000,50000,,11,2930806,,,,,,,,,,,,,,,,,0,,,2986817,107,,0,,107,2986710,950,0,,0,293884,,,,,,,,,,,,,,,,,0,,,294834,0,,0,,0,294834,0,,,,0,1737,,,,,96,1833,,0,,0,,,,0,,,0,,,,,,113793,115626,2807452,,,2807452,,,,50,,,,50,2807502,-2691876,,,1,2,WHITTLESEY PC,060903326,,2,,2,,2,,2,,1,1000000,2,,2,,2,,2,2,2,2,,2,,1,0,,,,,,,,,,,,
20181014113440P030097382079001,2017-01-01,2017-12-31,001,364488912,,1852752,,0,100,,,,,,,,,,,,,,,,,0,,,1852852,,,0,0,0,1852852,,1632797,,116,141533,,,,,,,,,,,,,,,,,13761699,,,15536145,,,15147875,361515,15509390,26755,1632797,,,,1632797,439,,,,,,439,,141210,,141210,,,,0,,-3239028,-3239028,,,,,,,-1464582,,,,0,,,361515,,,,,0,361515,-1826097,,,1,2,CITRIN COOPERMAN & COMPANY LLP,222428965,,2,,2,,2,,2,,1,1000000,2,,2,,2,,1,1,2,2,,2,2,2,,,,,,,,,,,,,
20190708104702P040374875489001,2017-10-01,2018-09-30,002,042880295,3973,0,0,0,398081,,,,,,,,,,,,,,,,,131508000,,,131910054,0,0,0,235,235,131909819,1104,0,0,1326,273603,,,,,,,,,,,,,,,,,147516570,,,147792603,374395,,,0,374395,147418208,3942000,0,0,0,3942000,690,0,0,0,0,0,690,0,0,0,0,0,0,0,0,0,16008570,16008570,0,0,0,0,0,5058000,25009260,9500871,0,0,9500871,0,,0,0,0,0,0,0,9500871,15508389,0,,1,2,"MURPHY,EDWARDS,GONCALVES&FERRERA,PC",760754060,,2,0,2,0,2,0,2,0,1,1000000,2,,2,,2,,1,2,2,2,,2,,2,,,,,,,,,,,,,
20181015155515P040091961631001,2017-01-01,2017-12-31,002,043484613,,,,,,,,,,,,,,,,,,,,,,1615400,,,1615400,,,17986954,,17986954,-16371554,,,,,,,,,,,,,,,,,,,,,,3558800,,,3558800,,,17218526,,17218526,-13659726,1175101,,,,1175101,,,,,,,0,,,,0,,,,0,,1943400,1943400,,,,,,,3118501,168,,,168,,,406505,,,,,0,406673,2711828,,,1,2,"CARON & BLETZER, PLLC",043499945,,2,,2,,2,,2,,1,500000,2,,2,,2,,1,2,2,2,,2,,2,,,,,,,,,,,,,
20190708091750P040118708735001,2017-10-01,2018-09-30,001,042880295,0,,0,,1,,,,,,,,,117079,,15305038,,,,1335039,,,,,16757157,,,,,0,16757157,0,,0,,0,,,,,,,,,71924,,16689543,,,,1365941,,,,,18127408,,,,,0,18127408,,1713425,749714,,2463139,,,,,5029,,5029,,,,0,,,,0,,,0,,1420287,,,,,3888455,2438443,,,2438443,43128,36633,,,,,,0,2518204,1370251,,,3,1,MURPHY EDWARDS GONCALVES & FERRERA,760754060,,2,,2,,2,,2,,1,500000,2,,2,,2,,1,2,2,2,,2,,2,,,,,,,,,,,,,
20190308140444P040109261329001,2017-07-01,2018-06-30,001,042517090,0,0,0,0,498803,0,0,0,0,0,0,0,0,160384,2937083,0,0,0,41763641,,0,0,0,0,45359911,0,0,0,0,0,45359911,0,0,0,0,880976,0,0,0,0,0,0,0,0,292541,2164098,0,0,0,47526582,,0,0,0,0,50864197,0,0,0,0,0,50864197,0,1902949,466001,0,2368950,6992,0,0,0,12356,0,19348,0,0,2868716,2868716,0,0,0,0,0,0,0,-9854,0,0,0,2530590,0,7777750,2183553,0,0,2183553,89924,0,0,0,0,3000,-3013,-13,2273464,5504286,0,,3,1,"GRAY GRAY & GRAY, LLP",042088368,,2,,2,,2,,2,,1,1000000,2,,2,,2,,1,2,2,2,,2,2,2,,,,,,,,,,,,,
20181015120157P040091503311001,2017-01-01,2017-12-31,003,521405842,,,,,706588,,,,,,,,,,,,,,,,,10357303,,,11063891,,,,,0,11063891,,,,,521226,,,,,,,,,,,,,,,,,8445685,,,8966911,,,,,0,8966911,33149,,,,33149,2800,,,,,,2800,,,,0,,,,0,,-321028,-321028,,,,,,,-285079,1811901,,,1811901,,,,,,,,0,1811901,-2096980,,,1,2,MAYER HOFFMAN MCCANN PC,431947695,,2,,2,,2,,2,,1,1000000,2,,2,,2,,1,1,2,2,,2,,2,,,,,,,,,,,,,
20181012153349P040269869377001,2017-01-01,2017-12-31,002,042550058,82854,,,,30769,,,,,,,,,,,,,,,,,3444253,,,3557876,0,,418724,,418724,3139152,94707,,,,30776,,,,,,,,,,,,,,,,,3667772,,,3793255,16413,,313108,,329521,3463734,,,,,0,6,,,,,,6,120803,,,120803,,,,0,,420012,420012,,,,,,,540821,203534,,,203534,,,12378,,,,327,327,216239,324582,,,1,2,"O'CONNOR AND DREW, P.C.",043000523,,2,,2,,2,,2,,1,500000,2,,2,,2,,1,2,2,2,,2,,2,,,,,,,,,,,,,
20181012142230P040088215807001,2017-01-01,2017-12-31,003,042399903,,,,,436772,,,,,,,,,119108,,,,,17405264,,,,,,17961144,,,,,,17961144,,,,,241529,,,,,,,,,126368,,,,,19923233,,,,,,20291130,,,,,,20291130,246470,1034475,46665,,1327610,1591,,,,5119,,6710,,,998658,998658,,,,,,1367996,1367996,,,,,1059675,,4760649,2421752,,,2421752,,,,,,,8911,8911,2430663,2329986,,,3,1,"GOSULE,BUTKUS & JESSOMN,",043442418,,2,,2,,2,,2,,1,500000,2,,2,,2,,1,2,2,2,,2,2,2,,,,,,,,,,,,,
20181012135914P040008110873001,2017-01-01,2017-12-31,003,041123040,,0,0,0,0,,,,,,,,,,,,,,,,,22960216,,,22960216,0,0,0,11261096,11261096,11699120,,0,0,0,0,,,,,,,,,,,,,,,,,22717511,,,22717511,,,,10844091,10844091,11873420,839296,0,0,,839296,0,0,0,0,,0,0,0,0,0,0,0,0,0,0,0,-213967,-213967,0,0,0,0,0,0,625329,27955,0,0,27955,0,,422291,0,783,0,0,783,451029,174300,0,,3,1,"GRAY, GRAY & GRAY, LLP",042088368,,2,0,2,0,2,0,2,0,1,500000,2,,2,,2,,1,2,2,2,,2,,2,,,,,,,,,,,,,
20181011144408P030236499287001,2017-01-01,2017-12-31,001,041309690,,0,,0,0,,,,,,,,,,31272555,,,,3081143,,,,,,34353698,,22680,,,22680,34331018,,2000000,,371,233978,,,,,,,,,,34287926,,,,1452611,,,,,,37974886,,40885,,,40885,37934001,2500000,,,,2500000,,,,,,,0,,,109758,109758,,,,0,,,0,4856992,,,,,,7466750,3713717,,,3713717,,,,49648,100402,,,150050,3863767,3602983,,,3,1,"WOLF & COMPANY, P.C.",042689883,,2,,2,,2,,2,,1,10000000,2,,2,,2,,1,1,2,2,,2,2,2,,,,1,,,,,,,,,4070349
20181011150155P040087233647001,2017-01-01,2017-12-31,001,041682990,,,,0,0,,,,,,,,,,,,,,,,,5179695,,,5179695,,,,,0,5179695,,,,28436,78636,,,,,,,,,,,,,,,,,7973741,,,8080813,,,,,0,8080813,,,28436,,28436,149,,,,,,149,,78487,,78487,,,,0,,3061648,3061648,,,,,,,3168720,267602,,,267602,,,,,,,,0,267602,2901118,,,1,2,CLIFTONLARSONALLEN LLP,410746749,,2,,2,,2,,2,,1,1000000,2,,2,,2,,1,1,2,2,,2,,2,,,,,,,,,,,,,
20181009134930P040242424439001,2017-01-01,2017-12-31,004,041309690,,,,,422018,,,,,,,,,,,,,,,,,35591546,,,36013564,1141286,,,,1141286,34872278,,,,,415937,,,,,,,,,,,,,,,,,36288709,,,36704646,1773684,,,,1773684,34930962,,,,,0,3626,,,,,,3626,,490919,,490919,,,,0,,4051692,4051692,,,,,,,4546237,4487553,,,4487553,,,,,,,,0,4487553,58684,,,1,2,"WOLF & COMPANY, P.C.",042689883,,2,,2,,2,,2,,1,10000000,2,,2,,2,,1,1,2,2,,2,2,2,,,,,,,,,,,,,
20181010074608P040263129505001,2017-01-01,2017-12-31,002,261697053,,5558,0,0,101,,,,,,,,,,,,,,,,,58210000,,,58215659,0,0,0,9218468,9218468,48997191,,15911,0,0,135,,,,,,,,,,,,,,,,,78970000,,,78986046,,,,8433864,8433864,70552182,1298037,0,0,0,1298037,33,0,0,0,,0,33,0,0,0,0,0,0,0,0,0,20760000,20760000,0,0,0,0,0,0,22058070,178778,0,0,178778,0,,324268,0,0,0,33,33,503079,21554991,0,,1,2,"BDO USA, LLP",135381590,,2,0,2,0,2,0,2,0,1,1000000,2,,2,,2,,1,2,2,2,,2,,2,,,,,,,,,,,,,
20181009135318P030093397807001,2017-01-01,2017-12-31,001,042547913,75,,,,-1586,,,,,,,,,292665,2799834,,,,12794473,,,,,,15885461,,,,,0,15885461,100,,,0,5,0,0,0,0,0,0,0,0,239137,2807389,,,,13843911,,0,0,,,16890542,,,,,0,16890542,0,695337,0,0,695337,5,0,0,,12466,0,12471,0,0,719593,719593,,0,0,0,,0,0,45913,0,,,1427649,1737,2902700,1875555,,0,1875555,6591,12423,0,,,,3050,3050,1897619,1005081,0,0,3,1,"SIEGRIST, CREE, ALESSANDRI & STRAUS",042745810,,2,,2,,2,,2,,1,500000,2,,2,,2,,1,2,2,2,,2,,2,,,,,,,,,,,,,
20181015082223P030176328541001,2017-01-01,2017-12-31,002,041967105,,0,0,,,,,,,,,,,307840,3901034,,,,25137847,,,,,,29346721,,,,,0,29346721,,0,0,,,,,,,,,,,212560,3934972,,,,30942737,,,,,,35090269,,,,,0,35090269,963676,1891142,142841,,2997659,,,,,8461,,8461,,,398774,398774,,,,0,,,0,155047,,,,5040305,,8600246,2791400,,,2791400,2,,,,16902,48394,,65296,2856698,5743548,,,1,2,CITRIN COOPERMAN,222428965,,1,125947,2,,2,,2,,1,3000000,2,,2,,2,,1,2,2,2,,2,,2,,,,,,,,,,,,,
20181015074810P040008360217001,2017-01-01,2017-12-31,001,203724403,,25206,45463,,,,,,,,,,,346421,,,,,8780644,,,,,,9197734,,,,,0,9197734,,27320,51654,,,,,,,,,,,328558,,,,,12376920,,,,,,12784452,,,,,0,12784452,740001,1489116,97905,,2327022,,,,,16525,,16525,,,471835,471835,,,,0,,,0,,,,,1286471,,4101853,497910,,,497910,,,,,,,17225,17225,515135,3586718,0,0,3,1,"MINSK GOULD,TATTRIE& LUSSIER LLP",364774142,,2,,2,,2,,2,,1,500000,2,,2,,2,,1,2,2,2,,2,,2,,,,,,,,,,,,,
20190531141344P040288330305001,2017-11-01,2018-10-31,001,041466100,,,,,,,,,,,,,,,10580054,,,,,,,,,,10580054,,,,,0,10580054,,505000,,,,,,,,,,,,,10131957,,,,,,,,,,10636957,,,,,0,10636957,505000,,,,505000,,,,,,,0,,,,0,,,,0,,,0,-126,,,,,,504874,447971,,,447971,,,,,,,,0,447971,56903,,,1,2,JOHNSON OCONNOR FERON & CARUCCI LLP,203985546,,2,,2,,2,,2,,1,500000,2,,2,,2,,1,2,2,2,,2,,2,,,,1,,,,,,,,,4142103
20190531150357P040288445473001,2017-11-01,2018-10-31,001,041802790,,2000000,,,,,,,,,,,,,53813298,,,,,,,,,,55813298,,,,,0,55813298,,2630000,,,,,,,,,,,,,54588729,,,,,,,,,,57218729,,,,,0,57218729,4630000,,,,4630000,,,,,,,0,,,,0,,,,0,,,0,90777,,,,,,4720777,3315346,,,3315346,,,,,,,,0,3315346,1405431,,,1,2,JOHNSON OCONNOR FERON & CARUCCI LLP,203985546,,2,,2,,2,,2,,1,500000,2,,2,,2,,1,2,2,2,,2,,2,,,,1,,,,,,,,,4142111
20190531152017P030190365997001,2017-11-01,2018-10-31,001,043067724,,83636756,,,,,,,,,,,,,247797054,,,,,,,,,,331433810,,,,,0,331433810,,,,,,,,,,,,,,,320217328,,,,,,,,,,320217328,,,,,0,320217328,,,,,0,,,,,,,0,,,,0,,,,0,,,0,917054,,,,,,917054,12133536,,,12133536,,,,,,,,0,12133536,-11216482,,,1,2,JOHNSON OCONNOR FERON & CARUCCI LLP,203985546,,2,,2,,2,,2,,1,500000,2,,2,,2,,1,2,2,2,,2,,2,,,,1,,,,,,,,,4142119
20181015142356P030246742791001,2017-01-01,2017-12-31,002,042746512,,,,,981816,,,,,,,,,,,,,,329039,,,1658459,,,2969314,,,,,0,2969314,2784341,,,,345,,,,,,,,,,,,,,0,,,0,,,2784686,,,,,0,2784686,,,,,0,5059,,,,,,5059,,50776,24688,75464,,1483540,1709234,-225694,,,0,,,,,45604,,-99567,85046,,,85046,,,,,,,15,15,85061,-184628,,,1,2,"GRAY, GRAY & GRAY, LLP",042088368,,2,,2,,2,,2,,1,500000,2,,2,,2,,1,2,2,2,,2,,1,0,,,,,,,,,,,,
20181015134632P030177065629001,2017-01-01,2017-12-31,003,043130808,0,,,105914,108041,,,,,,,,,,,,,,,,,66725770,,,66939725,,,20954430,,20954430,45985295,0,,,175765,233776,,,,,,,,,,,,,,,,,72415283,,,72824824,,,20287464,,20287464,52537360,944490,,,,944490,2876,,,,,,2876,,598816,,598816,,182650,216783,-34133,,5967323,5967323,,,,,,,7479372,246288,,,246288,,,681019,,,,,0,927307,6552065,,,1,2,WOLF & COMPANY P.C.,042689883,,2,,2,,2,,2,,1,1000000,2,,2,,2,,1,2,2,2,,2,,2,,,,,,,,,,,,,
20190123133153P040014071015001,2017-07-01,2018-06-30,004,463044208,,,,,104,,,,,,,,,,,,,,,,,598497,,,598601,,,,100,100,598501,,,,,12415,,,,,,,,,,,,,,,,,393929,,,406344,,,,100,100,406244,,,,,0,,,,,,,0,,13291,,13291,,,,0,,-140736,-140736,,,,,,,-127445,64812,,,64812,,,,,,,,0,64812,-192257,,,1,2,"BOLLIS LYNCH, LLC",043037870,,2,,2,,2,,2,,1,5000000,2,,2,,2,,1,2,2,2,,2,,2,,,,,,,,,,,,,
20190123133210P030013791825001,2017-07-01,2018-06-30,002,041866480,,,,,2456,,,,,,,,,,,,,,,,,5237374,,,5239830,,,,2000,2000,5237830,,,,,2242,,,,,,,,,,,,,,,,,3575955,,,3578197,,,,2000,2000,3576197,,,,,0,,,,,,,0,,117007,,117007,,,,0,-1272450,,-1272450,,,,,,,-1155443,506190,,,506190,,,,,,,,0,506190,-1661633,,,1,2,"BOLLUS LYNCH, LLC",043037870,,2,,2,,2,,2,,1,5000000,2,,2,,2,,1,2,2,2,,2,,2,,,,,,,,,,,,,
20190122092135P030000454469001,2017-05-01,2018-04-30,004,822323992,,0,0,0,,,,,,,,,,,,,,,,,,39296678,,,39296678,0,0,0,6028035,6028035,33268643,,0,0,0,,,,,,,,,,,,,,,,,,29297724,,,29297724,,,,5274530,5274530,24023194,1003621,0,0,0,1003621,0,0,0,0,,0,0,0,0,0,0,0,0,0,0,0,-8237623,-8237623,0,0,0,0,0,0,-7234002,1761330,0,0,1761330,0,,250117,0,0,0,0,0,2011447,-9245449,0,,1,2,RSM US LLP,420714325,,2,0,2,0,2,0,2,0,1,1000000,2,,2,,2,,1,2,2,2,,2,,2,,,,,,,,,,,,,
20190412093813P040165527367001,2017-07-01,2018-06-30,001,041866480,,790000,,84098,1115740,12709914,,8722885,,20195652,,,,,,,,,30320247,,,1657366,,,75595902,,,,,,75595902,,1510000,,,469845,18296917,,13818889,,31339517,,,,,,,,,13232434,,,1233389,,,79900991,,,,,,79900991,4052000,,,,4052000,1974,359359,311975,,,,673308,,937169,,937169,,,,,,2757529,2757529,,,,,3718092,,12138098,5981804,,,5981804,,,,,,1851205,,1851205,7833009,4305089,,,3,1,"BOLLUS LYNCH, LLP",043037870,,2,,2,,2,,2,,2,,2,,2,,2,,1,1,2,2,,2,2,2,,,,,,,,,,,,,
20190712145348P030016533653001,2017-10-01,2018-09-30,002,042772059,0,0,0,0,0,0,,0,,,,,,,,,,,,,,9452523,,,9452523,0,0,0,5481697,5481697,3970826,0,0,0,2954,7561,182333,,468280,,,,,,,,,,,,,,20024369,,,20685497,,,,5231308,5231308,15454189,1188441,0,0,0,1188441,2820,0,0,0,,0,2820,0,0,0,0,0,0,0,0,0,10572139,10572139,0,0,0,0,0,33117,11796517,189080,0,0,189080,0,,123338,736,0,0,0,736,313154,11483363,0,,1,2,BERRY DUNN MCNEIL & PARKER LLC,010523282,,2,0,2,0,2,0,2,0,1,1000000,2,,2,,2,,1,2,2,2,,2,,2,,,,,,,,,,,,,
20190403202032P030141120567001,2017-07-01,2018-06-30,008,041366970,,4844000,,,,,,,,,,,,,,,52126763,,,,,,,,56970763,,1109,,,1109,56969654,,2100000,,,,,,,,,,,,,,,54425143,,,,,,,,56525143,,7449,,,7449,56517694,2100000,,,,2100000,,,,,,,0,,,,0,,,,0,,,0,,,790517,,,,2890517,3161325,,,3161325,,,,99232,,17817,64103,181152,3342477,-451960,,,3,1,DELOITTE & TOUCHE LLP,133891517,,2,,2,,2,,2,,1,10000000,2,,2,,2,,2,2,2,2,,2,,2,,,,1,,,,,,,,,4118462
20190404140326P030006892265001,2017-07-01,2018-06-30,002,042259905,,0,0,0,,,,,,,,,,195325,1520418,12045205,,,4987098,,,,,,18748046,0,0,0,0,0,18748046,,22257,0,0,,,,,,,,,,0,537288,5842419,,,2352235,,,,,,8754199,,,,,0,8754199,22257,192997,18002,,233256,0,0,0,0,4596,0,4596,0,0,38941,38941,0,0,0,0,0,0,0,4999,972164,0,0,512918,0,1766874,11739074,0,0,11739074,0,0,,0,7996,13651,0,21647,11760721,-9993847,0,,3,1,"LOMBARDI, CLAIRMONT & KEEGAN",042511474,,2,0,2,0,2,0,2,0,1,500000,2,,2,,2,,1,2,2,2,,2,,1,0,,,,,,,,,,,,
20190409131431P040123308621001,2017-07-01,2018-06-30,004,042259905,,0,0,9,2947,,,,,,,,,,,,,,,,,2620542,,,2623498,0,0,0,3567074,3567074,-943576,,0,0,1012853,204399,,,,,,,,,,,,,,,,,1949798,,,3167050,,,,2145078,2145078,1021972,1215072,0,0,0,1215072,4345,0,0,0,,0,4345,0,0,0,0,0,0,0,0,0,-123917,-123917,0,0,0,0,0,2275954,3371454,1316607,0,0,1316607,0,,72719,0,0,0,0,0,1389326,1982128,0,16580,1,2,"LOMBARDI, CLAREMONT & KEEGAN",042511474,,2,0,2,0,2,0,2,0,1,1000000,2,,2,,2,,1,2,2,2,,2,,2,,,,,,,,,,,,,
20190806152022P030399108727001,2017-07-01,2018-06-30,004,042259905,,0,0,9,2947,,,,,,,,,,,,,,,,,2620542,,,2623498,0,0,0,3567074,3567074,-943576,,0,0,1265821,204399,,,,,,,,,,,,,,,,,1949798,,,3420018,,,,2146041,2146041,1273977,1215072,0,0,0,1215072,4345,0,0,0,,0,4345,0,0,0,0,0,0,0,0,0,-123917,-123917,0,0,0,0,0,2529885,3625385,1334150,0,0,1334150,0,,72718,0,0,0,964,964,1407832,2217553,0,,1,2,"LOMBARDI, CLAIRMONT & KEEGAN",042511474,,2,0,2,0,2,0,2,0,1,1000000,2,,2,,2,,1,1,2,2,,2,,2,,,,,,,,,,,,,
