ACK_ID,SCH_H_PLAN_YEAR_BEGIN_DATE,SCH_H_TAX_PRD,SCH_H_PN,SCH_H_EIN,NON_INT_BEAR_CASH_BOY_AMT,EMPLR_CONTRIB_BOY_AMT,PARTCP_CONTRIB_BOY_AMT,OTHER_RECEIVABLES_BOY_AMT,INT_BEAR_CASH_BOY_AMT,GOVT_SEC_BOY_AMT,CORP_DEBT_PREFERRED_BOY_AMT,CORP_DEBT_OTHER_BOY_AMT,PREF_STOCK_BOY_AMT,COMMON_STOCK_BOY_AMT,JOINT_VENTURE_BOY_AMT,REAL_ESTATE_BOY_AMT,OTHER_LOANS_BOY_AMT,PARTCP_LOANS_BOY_AMT,INT_COMMON_TR_BOY_AMT,INT_POOL_SEP_ACCT_BOY_AMT,INT_MASTER_TR_BOY_AMT,INT_103_12_INVST_BOY_AMT,INT_REG_INVST_CO_BOY_AMT,INS_CO_GEN_ACCT_BOY_AMT,OTH_INVST_BOY_AMT,EMPLR_SEC_BOY_AMT,EMPLR_PROP_BOY_AMT,BLDGS_USED_BOY_AMT,TOT_ASSETS_BOY_AMT,BNFTS_PAYABLE_BOY_AMT,OPRTNG_PAYABLE_BOY_AMT,ACQUIS_INDBT_BOY_AMT,OTHER_LIAB_BOY_AMT,TOT_LIABILITIES_BOY_AMT,NET_ASSETS_BOY_AMT,NON_INT_BEAR_CASH_EOY_AMT,EMPLR_CONTRIB_EOY_AMT,PARTCP_CONTRIB_EOY_AMT,OTHER_RECEIVABLES_EOY_AMT,INT_BEAR_CASH_EOY_AMT,GOVT_SEC_EOY_AMT,CORP_DEBT_PREFERRED_EOY_AMT,CORP_DEBT_OTHER_EOY_AMT,PREF_STOCK_EOY_AMT,COMMON_STOCK_EOY_AMT,JOINT_VENTURE_EOY_AMT,REAL_ESTATE_EOY_AMT,OTHER_LOANS_EOY_AMT,PARTCP_LOANS_EOY_AMT,INT_COMMON_TR_EOY_AMT,INT_POOL_SEP_ACCT_EOY_AMT,INT_MASTER_TR_EOY_AMT,INT_103_12_INVST_EOY_AMT,INT_REG_INVST_CO_EOY_AMT,INS_CO_GEN_ACCT_EOY_AMT,OTH_INVST_EOY_AMT,EMPLR_SEC_EOY_AMT,EMPLR_PROP_EOY_AMT,BLDGS_USED_EOY_AMT,TOT_ASSETS_EOY_AMT,BNFTS_PAYABLE_EOY_AMT,OPRTNG_PAYABLE_EOY_AMT,ACQUIS_INDBT_EOY_AMT,OTHER_LIAB_EOY_AMT,TOT_LIABILITIES_EOY_AMT,NET_ASSETS_EOY_AMT,EMPLR_CONTRIB_INCOME_AMT,PARTICIPANT_CONTRIB_AMT,OTH_CONTRIB_RCVD_AMT,NON_CASH_CONTRIB_BS_AMT,TOT_CONTRIB_AMT,INT_BEAR_CASH_AMT,INT_ON_GOVT_SEC_AMT,INT_ON_CORP_DEBT_AMT,INT_ON_OTH_LOANS_AMT,INT_ON_PARTCP_LOANS_AMT,INT_ON_OTH_INVST_AMT,TOTAL_INTEREST_AMT,DIVND_PREF_STOCK_AMT,DIVND_COMMON_STOCK_AMT,REGISTERED_INVST_AMT,TOTAL_DIVIDENDS_AMT,TOTAL_RENTS_AMT,AGGREGATE_PROCEEDS_AMT,AGGREGATE_COSTS_AMT,TOT_GAIN_LOSS_SALE_AST_AMT,UNREALZD_APPRCTN_RE_AMT,UNREALZD_APPRCTN_OTH_AMT,TOT_UNREALZD_APPRCTN_AMT,GAIN_LOSS_COM_TRUST_AMT,GAIN_LOSS_POOL_SEP_AMT,GAIN_LOSS_MASTER_TR_AMT,GAIN_LOSS_103_12_INVST_AMT,GAIN_LOSS_REG_INVST_AMT,OTHER_INCOME_AMT,TOT_INCOME_AMT,DISTRIB_DRT_PARTCP_AMT,INS_CARRIER_BNFTS_AMT,OTH_BNFT_PAYMENT_AMT,TOT_DISTRIB_BNFT_AMT,TOT_CORRECTIVE_DISTRIB_AMT,TOT_DEEMED_DISTR_PART_LNS_AMT,TOT_INT_EXPENSE_AMT,PROFESSIONAL_FEES_AMT,CONTRACT_ADMIN_FEES_AMT,INVST_MGMT_FEES_AMT,OTHER_ADMIN_FEES_AMT,TOT_ADMIN_EXPENSES_AMT,TOT_EXPENSES_AMT,NET_INCOME_AMT,TOT_TRANSFERS_TO_AMT,TOT_TRANSFERS_FROM_AMT,ACCTNT_OPINION_TYPE_CD,ACCT_PERFORMED_LTD_AUDIT_IND,ACCOUNTANT_FIRM_NAME,ACCOUNTANT_FIRM_EIN,ACCT_OPIN_NOT_ON_FILE_IND,FAIL_TRANSMIT_CONTRIB_IND,FAIL_TRANSMIT_CONTRIB_AMT,LOANS_IN_DEFAULT_IND,LOANS_IN_DEFAULT_AMT,LEASES_IN_DEFAULT_IND,LEASES_IN_DEFAULT_AMT,PARTY_IN_INT_NOT_RPTD_IND,PARTY_IN_INT_NOT_RPTD_AMT,PLAN_INS_FDLTY_BOND_IND,PLAN_INS_FDLTY_BOND_AMT,LOSS_DISCV_DUR_YEAR_IND,LOSS_DISCV_DUR_YEAR_AMT,ASSET_UNDETERM_VAL_IND,ASSET_UNDETERM_VAL_AMT,NON_CASH_CONTRIB_IND,NON_CASH_CONTRIB_AMT,AST_HELD_INVST_IND,FIVE_PRCNT_TRANS_IND,ALL_PLAN_AST_DISTRIB_IND,FAIL_PROVIDE_BENEFIT_DUE_IND,FAIL_PROVIDE_BENEFIT_DUE_AMT,PLAN_BLACKOUT_PERIOD_IND,COMPLY_BLACKOUT_NOTICE_IND,RES_TERM_PLAN_ADPT_IND,RES_TERM_PLAN_ADPT_AMT,FDCRY_TRUST_EIN,FDCRY_TRUST_NAME,COVERED_PBGC_INSURANCE_IND,TRUST_INCUR_UNREL_TAX_INC_IND,TRUST_INCUR_UNREL_TAX_INC_AMT,IN_SERVICE_DISTRIB_IND,IN_SERVICE_DISTRIB_AMT,FDCRY_TRUSTEE_CUST_NAME,FDCRY_TRUST_CUST_PHON_NUM,FDCRY_TRUST_CUST_PHON_NU_FORE,DISTRIB_MADE_EMPLOYEE_62_IND,PREMIUM_FILING_CONFIRM_NUMBER,ACCT_PERF_LTD_AUDIT_103_8_IND,ACCT_PERF_LTD_AUDIT_103_12_IND,ACCT_PERF_NOT_LTD_AUDIT_IND,SALARIES_ALLOWANCES_AMT,OTH_RECORDKEEPING_FEES_AMT,IQPA_AUDIT_FEES_AMT,TRUSTEE_CUSTODIAL_FEES_AMT,ACTUARIAL_FEES_AMT,LEGAL_FEES_AMT,VALUATION_APPRAISAL_FEES_AMT,OTHER_TRUSTEE_FEES_EXPENSES_AMT
20230824132802NAL0008895505001,2022-01-01,2022-12-31,003,041123040,,,,,156582,,,,,,,,,,,,,,,,,67409043,,,67565625,,,,30739638,30739638,36825987,,,,,390321,,,,,,,,,,,,,,,,,62722048,,,63112369,,,,29242297,29242297,33870072,1551334,,,,1551334,11123,,,,,,11123,,1166482,,1166482,,,,0,,-4246005,-4246005,,,,,-20547,11535,-1526078,428141,,,428141,,,999038,,2658,,,2658,1429837,-2955915,,,1,,"GRAY, GRAY & GRAY, LLP",042088368,,2,,2,,2,,2,,1,1000000,2,,2,,2,,1,1,2,2,,2,,2,,,,,,,,,,,,,,1,,,,,,,,,,
20230824181135NAL0009324865001,2022-01-01,2022-12-31,002,042803764,,,,,,,,,,,,,,,,,,,,,,29400000,,,29400000,,,9515000,,9515000,19885000,,,,,,,,,,,,,,,,,,,,,,32200000,,,32200000,,,8650000,,8650000,23550000,1477232,,,,1477232,,,,,,,0,,,,0,,,,0,,2800000,2800000,,,,,,,4277232,216408,,,216408,,,395824,,,,,0,612232,3665000,,,1,,"GRAY GRAY & GRAY, LLP",042088368,,2,,2,,2,,2,,1,1000000,2,,2,,2,,1,2,2,2,,2,,2,,,,,,,,,,,,,,,,1,,,,,,,,
20231010094452NAL0056332226001,2022-01-01,2022-12-31,003,042777442,,168000,,,,,,,,,,,,,,,,,,,,27285787,,,27453787,,,,,0,27453787,,203730,,,,,,,,,,,,,,,,,,,,22507808,,,22711538,,,,,0,22711538,800027,,,,800027,,,,,,,0,,715402,,715402,,,,0,,-2907624,-2907624,,,,,-87855,3650,-1476400,3265849,,,3265849,,,,,,,,0,3265849,-4742249,,,1,,"BAKER NEWMAN NOYES, LLC",010494526,,2,,2,,2,,2,,1,15000000,2,,2,,2,,1,1,2,2,,2,,2,,,,,,,,,,,,,,,,1,,,,,,,,
20230620125409NAL0043627297001,2022-01-01,2022-12-31,007,813268325,,,,880,,,,,,394829,,,,,633095,,,,2931697,,,431570987,,,435531488,,,,,0,435531488,,,,4212,,,,,,373015,,,,,76255,,,,2598517,,,377787398,,,380839397,,,,,0,380839397,,,,,0,,,,,,,0,,9343896,47420,9391316,,20597860,23799040,-3201180,,-29989268,-29989268,7533,,,,-841556,,-24633155,29615482,,,29615482,,,,27658,33969,,,61627,29677109,-54310264,804586,1186413,1,,DELOITTE & TOUCHE LLP,133891517,,2,,2,,2,,2,,1,10000000,2,,2,,2,,1,1,2,2,,2,,2,,,,,,,,,,,,,,,,1,,,,,,,,
20230808144117NAL0053468146001,2022-01-01,2022-12-14,003,041782600,,,,339753,2226199,,,,,,,,,,,,,,,,,57708402,,,60274354,,,0,,0,60274354,,,,0,0,,,,,,,,,,,,,,,,,0,,,0,,,0,,0,0,,,,,0,1402,,,,,,1402,,726873,,726873,,10990011,8731170,2258841,,,0,,,,,,,2987116,63261470,,,63261470,,,,,,,,0,63261470,-60274354,,,1,,WOLF & COMPANY P.C.,042689883,,2,,2,,2,,2,,1,1000000,2,,2,,2,,2,2,1,2,,2,,1,0,,,,,,,,,,,,,,,1,,,,,,,,
20230727145825NAL0006611187001,2022-01-01,2022-12-31,003,041123740,,,,213075,,,,,,,,,,,,,,,423480,,,10396119,,,11032674,,,,197878,197878,10834796,,,,227280,,,,,,,,,,,,,,,359236,,,12418854,,,13005370,,,,57141,57141,12948229,,,,,,,,,,,,,,233038,,233038,,,,,,2021927,2021927,,,,,,,2254965,138645,,,138645,,,2887,,,,,,141532,2113433,,,1,,"PKF JND, PC",043138777,,2,,2,,2,,2,,1,1000000,2,,2,,2,,1,2,2,2,,2,2,2,,,,,,,,,,,,,,,,1,,,,,,,,
20230913113117NAL0015249299001,2022-01-01,2022-12-31,002,203724403,0,,,523876,19836367,,,,,,,,,,,,,,,,,0,,,20360243,,,0,,0,20360243,0,,,0,0,,,,,,,,,,,,,,,,,0,,,0,,,0,,0,0,0,,,,0,0,,,,,,0,,,48971,48971,,,0,0,,0,0,,,,,,,48971,20409214,,,20409214,,,,,,,,0,20409214,-20360243,,,1,,"GRAY, GRAY & GRAY, LLP",042088368,,2,,2,,2,,2,,1,1000000,2,,2,,2,,2,1,1,2,,2,,1,0,,,,,,,,,,,,,,,1,,,,,,,,
20230718123501NAL0000492691001,2022-01-01,2022-12-31,003,043067724,,,,,1190194,,,,,,,,,,,,,,,,,301273765,,,302463959,,,,146371155,146371155,156092804,,,,,1449837,,,,,,,,,,,,,,,,,257386280,,,258836117,,,,143202560,143202560,115633557,2353605,,,,2353605,26822,,,,,,26822,,5970472,,5970472,,,,0,,-43562931,-43562931,,,,,-4730,,-35216762,540088,,,540088,,,4702397,,,,,0,5242485,-40459247,,,1,,"WOLF & COMPANY, PC",042689883,,2,,2,,2,,2,,1,50000000,2,,2,,2,,1,2,2,2,,2,,2,,,,,,,,,,,,,,,,1,,,,,,,,
20230908090634NAL0016195457001,2022-01-01,2022-12-31,003,844259761,0,,,,,,,,,,,,,,,,,,,,,179322000,,,179322000,,,42452976,,42452976,136869024,0,,,,,,,,,,,,,,,,,,,,,191786000,,,191786000,,,51541484,,51541484,140244516,2682305,,,,2682305,,,,,,,0,,684197,,684197,,,,0,,11768854,11768854,,,,,,,15135356,10001188,,,10001188,,,1074479,,,,,0,11075667,4059689,,684197,1,,"BDO USA, P.C.",135381590,,2,,2,,2,,2,,1,1000000,2,,2,,2,,1,2,2,2,,2,,2,,,,,,,,,,,,,,,,1,,,,,,,,
20230807104709NAL0033604592001,2022-01-01,2022-12-31,003,731627673,,,,,1173680,,,,,,,,,,,,,,,,,14488865,,,15662545,,,,4356440,4356440,11306105,,,,,1160198,,,,,,,,,,,,,,,,,14987837,,,16148035,,,,3696618,3696618,12451417,897419,,,,897419,13841,,,,,,13841,,388921,,388921,,,,0,,1104772,1104772,,,,,-13403,,2391550,897723,,,897723,,,348515,,,,,0,1246238,1145312,,,1,,"WOLF & COMPANY, P.C.",042689883,,2,,2,,2,,2,,1,8000000,2,,2,,2,,1,2,2,2,,2,,2,,,,,,,,,,,,,,,,1,,,,,,,,
20231005093059NAL0014183971001,2022-01-01,2022-12-31,002,851665706,,,,,665,,,,,,,,,,,,,,,,,40100000,,,40100665,,,,116754281,116754281,-76653616,,,,,665,,,,,,,,,,,,,,,,,26300000,,,26300665,,,,115533264,115533264,-89232599,2757363,,,,2757363,,,,,,,0,,,,0,,,,0,,-13800001,-13800001,,,,,,,-11042638,1915,,,1915,,,1534430,,,,,0,1536345,-12578983,,,1,,CLIFTONLARSONALLEN LLP,410746749,,2,,2,,2,,2,,1,1000000,2,,2,,2,,1,2,2,2,,2,,2,,,,,,,,,,,,,,,,1,,,,,,,,
20231002111837NAL0017119841001,2022-01-01,2022-12-31,003,043402944,,0,,396,345963,,,,,,,,,,,,,,,,,10685044,,,11031403,,,251914,0,251914,10779489,,0,,384,374436,,,,,,,,,,,,,,,,,9011951,,,9386771,,,0,0,0,9386771,252476,,,,252476,3145,,,,,,3145,,336622,,336622,,,,0,,-1349535,-1349535,,,,,,,-757292,621933,,,621933,,,13393,100,,,,100,635426,-1392718,,,1,,"PKF O'CONNOR DAVIES, LLP",271728945,,2,,2,,2,,2,,1,7000000,2,,2,,2,,1,2,2,2,,2,,2,,,,,,,,,,,,,,,,1,,,,,,,,
20230911145204NAL0013291523001,2022-01-01,2022-12-31,002,042324804,,,,,131637,,,,,,,,,,,,,,,,,47906051,,,48037688,,,,36239914,36239914,11797774,,,,,85939,,,,,,,,,,,,,,,,,41873508,,,41959447,,,,34618264,34618264,7341183,4525497,,,,4525497,1684,,,,,,1684,,,,0,,,,0,,-6032543,-6032543,,,,,,,-1505362,1325695,,,1325695,,,1558316,,,,,0,2884011,-4389373,,67218,1,,"SULLIVAN AND FOLAN, LLC",043252952,,2,,2,,2,,2,,1,1000000,2,,2,,2,,1,2,2,2,,2,,2,,,,,,,,,,,,,,,,1,,,,,,,,
20230907100126NAL0008622467001,2022-01-01,2022-12-31,003,043497377,,,,,174,,,,,,,,,,,,,,,,,28111082,,,28111256,,,,9004300,9004300,19106956,,,,,172,,,,,,,,,,,,,,,,,10946384,,,10946556,,,,8378796,8378796,2567760,784158,,,,784158,1143,,,,,,1143,,180501,,180501,,,,0,,-17012756,-17012756,,,,,-32647,,-16079601,166956,,,166956,,,292639,,,,,0,459595,-16539196,,,1,,"CARON & BLETZER, PLLC",043499945,,2,,2,,2,,2,,1,5000000,2,,2,,2,,1,2,2,2,,2,,2,,,,,,,,,,,,,,1,,,,,,,,,,
20230731124904NAL0033772098001,2022-01-01,2022-12-31,002,043175021,463965,13708,,,44924,,,,,0,,,,,,,,,1999004,,,2496084,,,5017685,,,156668,0,156668,4861017,148264,15173,,,156342,,,,,0,,,,,,,,,2036257,,,2402402,,,4758438,,,61236,0,61236,4697202,355579,,,,355579,52868,,,,,,52868,,88837,,88837,,,,0,,-385088,-385088,,,,,,,112196,258540,,,258540,,,4538,12933,,,,12933,276011,-163815,,,1,,SULLIVAN & FOLAN LLC,043252952,,2,,2,,2,,2,,1,475844,2,,2,,2,,1,2,2,2,,2,,2,,,,,,,,,,,,,,,,1,,,,,,,,
20230822063928NAL0002453139001,2022-01-01,2022-12-31,002,042821431,,2500000,,,35101,,,,,,,,,,,,,,,,,20719350,,,23254451,,,,,0,23254451,,1140000,,,129555,,,,,,,,,,,,,,,,,23138550,,,24408105,,,,,0,24408105,1450000,,,,1450000,499,,,,,,499,,,,0,,,,0,,2419199,2419199,,,,,,,3869698,2593744,,,2593744,,,,,,,,0,2593744,1275954,,122300,1,,"PFK O'CONNOR DAVIES, LLP",271728945,,2,,2,,2,,2,,1,1000000,2,,2,,2,,1,2,2,2,,2,,2,,,,,,,,,,,,,,1,,,,,,,,,,
20230731103350NAL0016806577001,2022-01-01,2022-12-31,003,270396940,21508,,,,,,,,,,,,,,,,,,,,,402276000,,,402297508,12908,,908072,,920980,401376528,18943,,,,,,,,,,,,,,,,,,,,,495005000,,,495023943,10433,,893706,,904139,494119804,639314,,,,639314,133,,,,,,133,,,,,,,,,,92729000,92729000,,,,,,,93368447,601716,,,601716,,,23455,,,,,,625171,92743276,,,1,,RSM US LLP,420714325,,2,,2,,2,,2,,1,1000000,2,,2,,2,,1,2,2,2,,2,,2,,,,,,,,,,,,,,,,1,,,,,,,,
20230731151606NAL0009169443001,2022-01-01,2022-12-31,002,471008886,8404686,2445588,,0,0,0,,,,,,,,,,,,,,,,150610000,,,161460274,,,873884,,873884,160586390,12447,2243976,,0,0,7332143,,,,,,,,,,,,,,,,200850000,,,210438566,,,849892,,849892,209588674,2304550,,,,2304550,2890,,,,,,2890,,4000000,,4000000,,3300000,3264737,35263,,50240001,50240001,,,,,,,56582704,7543562,,,7543562,,,36583,,,275,,275,7580420,49002284,,,1,,"WOLF & COMPANY, P.C.",042689883,,2,,2,,2,,2,,1,1000000,2,,2,,2,,1,2,2,2,,2,,2,,,,,,,,,,,,,,,,1,,,,,,,,
20240207135441NAL0044372992001,2022-05-01,2023-04-30,004,822323992,,,,846669,,,,,,,,,,,,,,,13661126,,,,,,14507795,,,,,0,14507795,,,,,,,,,,,,,,,,,,,14888361,,,,,,14888361,,,,,0,14888361,,,,,0,,,,,,,0,,,380566,380566,,,,0,,,0,,,,,,,380566,0,,,0,,,,,,,,0,0,380566,,,,,,,2,2,,2,,2,,2,,1,1000000,2,,2,,2,,1,2,2,2,,2,,2,,,,,,,,,,,,,,,,,,,,,,,,
20231030105135NAL0026847186001,2022-01-01,2022-12-31,003,042741165,,,,,,,,,,,,,,,,,,,,,,0,,,0,,,0,,0,0,,,,,,,,,,,,,,,,,,,,,,9960000,,,9960000,,,56000000,,56000000,-46040000,4000000,,,,4000000,,,,,,,0,,,,0,,,,0,,-50040000,-50040000,,,,,,,-46040000,,,,0,,,,,,,,0,0,-46040000,,,1,,RSM US LLP,420714325,,2,,2,,2,,2,,1,1000000,2,,2,,2,,1,1,2,2,,2,,,,,,,,,,,,,,,,,,1,,,,,,,,
20240131143328NAL0030658320001,2022-07-01,2023-06-30,002,042517090,4408333,160000,0,0,0,0,0,0,0,0,0,0,0,0,0,,0,0,0,,0,70148873,0,0,74717206,0,0,0,0,0,74717206,123667,392027,0,0,1346150,4414219,0,0,0,0,0,0,0,0,0,,0,0,0,,0,83426633,0,0,89702696,18607,0,0,0,18607,89684089,5781162,,,,5781162,43084,2419,,,,,45503,,,,0,,,,0,,13330188,13330188,,,,,,,19156853,4182357,,,4182357,,,,,7613,,,7613,4189970,14966883,,,1,,"GRAY, GRAY & GRAY, LLP",042088368,,2,,2,,2,,2,,1,1000000,2,,2,,2,,1,1,2,2,,2,,2,,,,,,,,,,,,,,,,1,,,,,,,,
20231012101743NAL0021076899001,2022-01-01,2022-12-31,002,042273500,1416780,,,327,,,,,,,,,,,,,,,,,,,,,1417107,,68940,,,68940,1348167,0,,,0,,,,,,,,,,,,,,,,,,,,,0,,0,,,0,0,,,,,0,,,,,,,0,,,,0,,,,0,,,0,,,,,,,0,1348167,,,1348167,,,,,,,,0,1348167,-1348167,,,1,,"KATZ, NANNIS & SOLOMON, PC",042887211,,2,,2,,2,,2,,1,156465,2,,2,,2,,2,2,1,2,,2,,1,0,,,,,,,,,,,,,,,1,,,,,,,,
20231013155539NAL0045660928001,2022-01-01,2022-12-31,004,042389826,,2487217,,,381227,,,,,,,,,169356,,,,,,,,56864999,,,59902799,709303,,,2218,711521,59191278,,823450,,21,4762,,,,,,,,,175247,,,,,,,,77948556,,,78952036,,,,2218,2218,78949818,4398345,,,,4398345,3573,,,,4027,,7600,,,,0,,,,0,,21083558,21083558,,,,,,,25489503,5730743,,,5730743,,,,,,220,,220,5730963,19758540,,,1,,"KAHN, LITWIN, RENZA & CO., LTD",050409384,,2,,2,,2,,2,,1,1100000,2,,2,,2,,1,2,2,2,,2,,2,,,,,,,,,,,,,,,,1,,,,,,,,
20231013154517NAL0068283730001,2022-01-01,2022-12-31,001,364488912,,1695707,,,106872,,,,,,,,,,,,,,,,2,11201091,,,13003672,,,9587051,228802,9815853,3187819,,1681727,,,80884,,,,,,,,,,,,,,,,0,11441148,,,13203759,,,8097830,193261,8291091,4912668,1681727,,,,1681727,,,,,,,0,,173990,,173990,,,,0,,240057,240057,,,,,,,2095774,135450,,,135450,,,233855,1620,,,,1620,370925,1724849,,,1,,CITRIN COOPERMAN & COMPANY LLP,222428965,,2,,2,,2,,2,,1,1000000,2,,2,,2,,1,2,2,2,,2,,2,,,,,,,,,,,,,,,,1,,,,,,,,
20231013143550NAL0067916082001,2022-01-01,2022-12-31,003,521405842,,9235,,,9925757,,,,,,,,,,,,,,,,,,,,9934992,44,,,,44,9934948,,9235,,,9919193,,,,,,,,,,,,,,,,,,,,9928428,44,,,,44,9928384,,,,,0,4964,,,,,,4964,,,,0,,,,0,,,0,,,,,,,4964,11498,,,11498,,,,,,,30,30,11528,-6564,,,1,,MAYER HOFFMAN MCCANN PC,431947695,,2,,2,,2,,2,,1,500000,2,,2,,2,,1,2,2,2,,2,,1,0,,,,,,,,,,,,,1,1,,,,,,,,,
20231015074108NAL0036603473001,2022-01-01,2022-12-31,001,043005476,,,,153,280086,,,,,,,,,390329,635280,,,,29539492,,,3011613,,,33856953,,,,,0,33856953,,51,254,1097,283585,,,,,,,,,410613,890163,,,,24710917,,,1747363,,,28044043,,,,,0,28044043,566950,1810442,44128,,2421520,4443,,,,18989,,23432,,,437526,437526,,,,0,,-1182426,-1182426,16372,,,,-5345231,1060,-3627747,2082507,,,2082507,11166,,,,91490,,,91490,2185163,-5812910,,,1,,MAZARS USA LLP,131459550,,1,64188,2,,2,,2,,1,3000000,2,,2,,2,,1,2,2,2,,2,,2,,,,,,,,,,,,,,1,,,,,,,,,,
20231013184201NAL0022610131001,2022-01-01,2022-12-31,003,042745179,47114,200000,,,,,,,,,,,,,,,,,,,,12086157,,,12333271,,,,,0,12333271,247114,600000,,,,,,,,,,,,,,,,,,,,12448835,,,13295949,,,,,0,13295949,600000,,,,600000,,,,,,,0,,,,0,,,,0,,950953,950953,,,,,,,1550953,588275,,,588275,,,,,,,,0,588275,962678,,,1,,"KING, MCNAMARA & MORIARTY",042686846,,2,,2,,2,,2,,1,1000000,2,,2,,2,,1,2,2,2,,2,,2,,,,,,,,,,,,,,,,1,,,,,,,,
20240426114131NAL0011448595001,2022-01-01,2022-12-31,002,042993095,,,,,451741,,,,,,,,,,,,,,,,,8999440,,,9451181,,,,2870946,2870946,6580235,,,,,307509,,,,,,,,,,,,,,,,,9599500,,,9907009,,,,2647894,2647894,7259115,411459,,,,411459,5201,,,,,,5201,,,,0,,,,0,,600060,600060,,,,,,,1016720,274077,,,274077,,,63763,,,,,0,337840,678880,,,1,,"CARON & BLETZER, PLLC",043499945,,2,,2,,2,,2,,1,500000,2,,2,,2,,1,2,2,2,,2,,2,,,,,,,,,,,,,,,,1,,,,,,,,
20231102152646NAL0012325699001,2022-01-01,2022-12-31,003,743073286,0,0,0,0,67791,0,0,0,0,0,0,0,0,0,0,0,0,0,0,0,0,10841880,0,0,10909671,0,0,0,3895020,3895020,7014651,0,0,0,0,8944473,0,0,0,0,0,0,0,0,0,0,0,0,0,0,0,0,0,0,0,8944473,0,0,0,0,0,8944473,13244,0,0,0,13244,39816,0,0,0,0,0,39816,0,969298,0,969298,,12310478,10965065,1345413,0,0,0,0,0,0,0,0,0,2367771,340344,0,0,340344,0,0,84361,0,0,0,13244,13244,437949,1929822,0,0,1,,"GRAY, GRAY & GRAY LLP",042088368,,2,,2,,2,,2,,1,1000000,2,,2,,2,,1,1,2,2,,2,,1,0,,,,,,,,,,,,,,,1,,,,,,,,
20231019153017NAL0002052818001,2022-01-01,2022-12-31,002,043484613,,,,,62,,,,,,,,,,,,,,,,,0,,,62,,,14793341,,14793341,-14793279,,,,,62,,,,,,,,,,,,,,,,,0,,,62,,,14793341,,14793341,-14793279,0,,,,0,,,,,,,0,,,,0,,,,0,,0,0,,,,,,,0,0,,,0,,,0,,,,,0,0,0,,,,,,,2,2,,2,,2,,2,,2,,2,,2,,2,,1,2,2,2,,2,,2,,,,,,,,,,,,,,,,,,,,,,,,
20240712121859NAL0026802928001,2022-10-01,2023-09-30,001,042597651,,,,6205,3210799,,,,,,,,,,,,,,,,,,,,3217004,76602,,,,76602,3140402,,,,1969,3277283,,,,,,,,,,,,,,,,,,,,3279252,70858,,,,70858,3208394,,,,,0,109419,,,,,,109419,,,,0,,,,0,,4000,4000,,,,,,237306,350725,282733,,,282733,,,,,,,,0,282733,67992,,,1,,"MAYER HOFFMAN MCCANN, PC",431947695,,2,,2,,2,,2,,1,5000000,2,,2,,2,,1,2,2,2,,2,,1,0,,,,,,,,,,,,,1,,,,,,,,,,
20240502095835NAL0020558704001,2022-01-01,2022-12-31,003,043257145,156536,4643,,,,,,,,,,,,,,,,,,,,,,,161179,,,,0,0,161179,242934,12019,,,,,,,,,,,,,,,,,,,,,,,254953,,,,0,0,254953,98353,,,,98353,,,,,,,0,,,,0,,,,0,,,0,,,,,,,98353,4522,,,4522,,,,,,,57,57,4579,93774,,,1,,"WITHUM, SMITH & BROWN, P.C.",222027092,,2,,2,,2,,2,,1,60000,2,,2,,2,,2,2,2,2,,2,,2,,,,,,,,,,,,,,,,1,,,,,,,,
20240717170150NAL0007944672001,2022-04-01,2023-03-31,003,042482120,7377,,,0,,,,,,,,,,,,,,,,,,8036993,,,8044370,0,,2028800,,2028800,6015570,7707,,,0,,,,,,,,,,,,,,,,,,8414965,,,8422672,0,,1946459,,1946459,6476213,125757,,,184006,309763,194,,,,,,194,,,,0,,,,0,,503865,503865,,,,,,,813822,309763,,,309763,,,43416,,,,,0,353179,460643,,,1,,"SULLIVAN BILLE, P.C.",043296201,,2,,2,,2,,2,,1,1000000,2,,2,,2,,1,2,2,2,,2,,2,,,,,,,,,,,,,,,,1,,,,,,,,
20240105131221NAL0005233489001,2022-01-01,2022-12-31,002,043579044,,,,,,,,,,,,,,,,,,,,,,,,,0,,,,,0,0,,859000,,445369,,,,,,,,,,,,,,,,,,7065960,,,8370329,,,,9885344,9885344,-1515015,859000,,,,859000,,,,,,,0,,,,0,,,,0,,-2556223,-2556223,,,,,,445369,-1251854,0,,,0,,,263161,,,,,0,263161,-1515015,,,1,,"CARON & BLETZER, PLLC",043499945,,2,,2,,2,,2,,1,1000000,2,,2,,2,,1,1,2,2,,2,,2,,,,,,,,,,,,,,,,1,,,,,,,,
20240925160716NAL0014609425001,2022-10-01,2023-09-30,002,042880295,3043878,,,17711,200522,,,,,,,,,,,,,,,,,164865510,,,168127621,,1490,,10525000,10526490,157601131,852,,,0,985691,,,,,,,,,,,,,,,,,91398060,,,92384603,,1886,,19452151,19454037,72930566,6525000,,,,6525000,2550,,,,,,2550,,0,,0,,,,0,,-73467450,-73467450,,,,,,1500,-66938400,17729860,,,17729860,,,,,,,2305,2305,17732165,-84670565,,,1,,CLIFTON LARSON ALLEN LLP,410746749,,2,,2,,2,,2,,1,1000000,2,,2,,2,,1,2,2,2,,2,,2,,,,,,,,,,,,,,,,1,,,,,,,,
20231016081245NAL0050312656001,2022-01-01,2022-12-31,002,042925204,,,,0,125668,,,,,,,,,,,,,,,,,15580644,,,15706312,,,32377385,0,32377385,-16671073,,,,184504,125924,,,,,,,,,,,,,,,,,10164918,,,10475346,,,29495937,0,29495937,-19020591,3124495,,,,3124495,256,,,,,,256,951512,,,951512,,,,0,,-5415726,-5415726,,,,,,,-1339463,19307,,,19307,,,990748,,,,,0,1010055,-2349518,,,1,,"CARON & BLETZER, PLLC",043499905,,2,,2,,2,,2,,1,1000000,2,,2,,2,,1,2,2,2,,2,,2,,,,,,,,,,,,,,,,1,,,,,,,,
20231011142648NAL0029671121001,2022-01-01,2022-12-31,002,042550058,160478,0,,0,30796,,,,,,,,,,,,,,,,,14929711,,,15120985,0,0,4541822,,4541822,10579163,117740,43755,,0,30799,,,,,,,,,,,,,,,,,21517315,,,21709609,0,0,4389351,,4389351,17320258,724387,,,,724387,3,,,,,,3,,,,0,,,,0,,6587604,6587604,,,,,,,7311994,378237,,,378237,,,189393,,3015,254,,3269,570899,6741095,,,1,,"WITHUM, SMITH, AND BROWN, PC",222027092,,2,,2,,2,,2,,1,1000000,2,,2,,2,,1,2,2,2,,2,,2,,,,,,,,,,,,,,,,1,,,,,,,,
20231107135028NAL0015425043001,2022-01-01,2022-12-31,002,043061714,,,,,,,,,,,,,,,,,,,201740,,,21726420,,,21928160,0,,1377650,28685,1406335,20521825,,,,,,,,,,,,,,,,,,,130817,,,24877421,,,25008238,3575,,1058019,22030,1083624,23924614,1085852,,,,1085852,2429,,,,,,2429,,,,0,,,,0,,3151002,3151002,,,,,,,4239283,774266,,,774266,,,62228,,,,,0,836494,3402789,,,1,,CARON & BLETZER,043499945,,2,,2,,2,,2,,1,1000000,2,,2,,2,,1,2,2,2,,2,,2,,,,,,,,,,,,,,,,1,,,,,,,,
20240912135950NAL0014823744001,2022-12-01,2023-11-30,002,813645861,,2426087,,8231,2902516,,,,,,,,,,,,,,,,,205233850,,,210570684,,,,32862290,32862290,177708394,,2209117,,13857,3340205,,,,,,,,,,,,,,,,,228706307,,,234269486,,,,30088607,30088607,204180879,5256254,,,,5256254,144124,,,,,,144124,,,,0,,,,0,,29364014,29364014,,,,,,,34764392,6169137,,,6169137,,,1161719,,,,,0,7330856,27433536,299191,1260242,1,,CROWE LLP,350921680,,2,,2,,2,,2,,1,5000000,2,,2,,2,,1,2,2,2,,2,,2,,,,,,,,,,,,,,,,1,,,,,,,,
20231016093916NAL0075204002001,2022-01-01,2022-12-31,002,201998367,713993,1700000,,4551,0,,,595529,,,,,,,,,,,295878,,,7763010,,,11072961,,,,,0,11072961,862294,4800000,,5704,587727,,,663411,,,,,,,,,,,280569,,,8101050,,,15300755,,,,,0,15300755,4800000,,,,4800000,37143,,,,,,37143,,188500,,188500,,,,0,,-470780,-470780,,,,,,,4554863,323230,,,323230,,,,,,3839,,3839,327069,4227794,,,1,,"PKF O'CONNOR DAVIES, LLP",271728945,,2,,2,,2,,2,,1,1000000,2,,2,,2,,1,1,2,2,,2,,2,,,,,,,,,,,,,,,,1,,,,,,,,
20231016082039NAL0037236513001,2022-01-01,2022-12-31,002,042917465,,298000,,0,317853,,,,,,,,,,,,,,974063,,,0,,,1589916,,,,,0,1589916,,0,,0,712686,,,,,,,,,,,,,,657416,,,350000,,,1720102,,,,,0,1720102,438200,,,,438200,4104,,,,,,4104,,13160,0,13160,,,,0,,52000,52000,,,,,-316647,,190817,56006,,,56006,,,,,,,4625,4625,60631,130186,,,1,,"GRAY, GRAY & GRAY,LLP",042088368,,2,,2,,2,,2,,1,1000000,2,,2,,2,,1,1,2,2,,2,,2,,,,,,,,,,,,,,,,1,,,,,,,,
20231016135047NAL0025731219002,2022-01-01,2022-12-31,002,042445292,76445418,,,,,,,,,,,,,,,,,,,,,,,,76445418,,,,,,76445418,,,,,3736774,,,,,,,,,,,,,,,,,,,,3736774,,,,,,3736774,,,,,,15645,,,,,,15645,,,,,,946208,,946208,,,,,,,,,,961853,73486037,,,73486037,,,,25450,159010,,,184460,73670497,-72708644,,,1,,"SULLIVAN BILLE, P.C.",043296201,,2,,2,,2,,2,,1,1000000,2,,2,,2,,1,2,2,2,,2,2,1,0,,,,,,,,,,,,,,,1,,,,,,,,
20231016161522NAL0051466112001,2022-01-01,2022-12-31,002,042347643,208123,3153496,,,,,,,,,,,,,,,,,,,,304069740,,,307431359,14047,,,14482762,14496809,292934550,361537,123054,,1097,,,,,,,,,,,,,,,,,,311691900,,,312177588,14047,,,24152315,24166362,288011226,6964366,,,,6964366,,,,,,,0,,14669,1096,15765,,,,0,,7622157,7622157,,,,,,90207,14692495,19252277,,,19252277,,,363542,,,,,0,19615819,-4923324,,,1,,MAYER HOFFMAN MCCANN P.C.,431947695,,2,,2,,2,,2,,1,3000000,2,,2,,2,,1,2,2,2,,2,,2,,,,,,,,,,,,,,,,1,,,,,,,,
20240715064735NAL0000653507001,2022-10-01,2023-09-30,002,042772059,40015,,,34678,6755,688265,,3550715,,,,,,,,,,,457000,,,69489877,,,74267305,,,,3781401,3781401,70485904,1607428,,,39404,98848,1157394,,3337559,,,,,,,,,,,51631,,,78818005,,,85110269,,,,3492756,3492756,81617513,2016619,,,733829,2750448,151686,,,,,,151686,,,7530,7530,,,,0,,9377361,9377361,,,,,,,12287025,1051353,,,1051353,,,85082,,,,18981,18981,1155416,11131609,,,1,,GRASSI & CO. CPAS P.C.,113266576,,2,,2,,2,,2,,1,1000000,2,,2,,2,,1,2,2,2,,2,,2,,,,,,,,,,,,,,1,,,,,,,,,,
20241127091710NAL0006605313001,2022-07-01,2023-06-30,004,041866480,,,,,105,,,,,,,,,,,,,,,,,283109,,,283214,,,,100,100,283114,,,,,103,,,,,,,,,,,,,,,,,382729,,,382832,,,,100,100,382732,,,,,0,,,,,,,0,,,,0,,,,0,,135507,135507,,,,,,,135507,35889,,,35889,,,,,,,,0,35889,99618,,,1,,CARON & BLETZER PLLC,043499945,,2,,2,,2,,2,,1,500000,2,,2,,2,,1,2,2,2,,2,,2,,,,,,,,,,,,,,0,0,1,,,,,,,,
20241127091740NAL0006492609001,2022-07-01,2023-06-30,002,041866480,,,,,1720,,,,,,,,,,,,,,,,,2350416,,,2352136,,,,2000,2000,2350136,,,,,1045,,,,,,,,,,,,,,,,,3051771,,,3052816,,,,2000,2000,3050816,,,,,0,,,,,,,0,,,,0,,,,0,,1118065,1118065,,,,,,,1118065,417385,,,417385,,,,,,,,0,417385,700680,,,1,,"CARON & BLETZER, PLLC",043499945,,2,,2,,2,,2,,1,500000,2,,2,,2,,1,2,2,2,,2,,2,,,,,,,,,,,,,,0,0,1,,,,,,,,
20250110085201NAL0007831891001,2022-11-01,2023-10-31,002,042472856,,278396,,,,,,,,,,,,,,,,,,,,3100975,,,3379371,,,,,0,3379371,,356310,,,,,,,,,,,,,,,,,,,,4031027,,,4387337,,,,,0,4387337,356310,,,,356310,,,,,,,0,,,,0,,,,0,,758473,758473,,,,,,,1114783,106817,,,106817,,,,,,,,0,106817,1007966,,,1,,"MEADEN & MOORE, LTD",341818258,,2,,2,,2,,2,,1,585000,2,,2,,2,,1,2,2,2,,2,,2,,,,,,,,,,,,,,,,1,,,,,,,,
20250811185917NAL0007487297001,2022-10-01,2023-09-30,005,042631963,,104624,,,674468,,,,,655365398,,,,,,,,,,,,,,,656144490,,,,342101601,342101601,314042889,,,,,793676,,,,,271311657,,,,,,,,,,,,,,,272105333,,,,331696443,331696443,-59591110,21235439,,,,21235439,37512,,,,,,37512,,,16952,16952,,,,0,,-200606011,-200606011,,,,,,,-179316108,183487610,,,183487610,,,10830281,,,,,0,194317891,-373633999,,,1,,CARON & BLETZER,043499945,,2,,2,,2,,2,,1,1000000,2,,2,,2,,1,2,2,2,,2,,2,,,,,,,,,,,,,,,,1,,,,,,,,
20250811190148NAL0007490401001,2022-10-01,2023-09-30,003,042631963,,,,,1085142,,,,11949094,461530572,,,,,,,,,,,,,,,474564808,,,,,0,474564808,,,,,1734803,,,,5389987,119181053,,,,,,,,,,,,,,,126305843,,,,,0,126305843,738788,,,,738788,,,,,,,0,,12029,74234,86263,,,,0,,-87995646,-87995646,,,,,,,-87170595,261088370,,,261088370,,,,,,,,0,261088370,-348258965,,,1,,CARON & BLETZER,043499945,,2,,2,,2,,2,,1,1000000,2,,2,,2,,1,2,2,2,,2,,2,,,,,,,,,,,,,,,,1,,,,,,,,
