ACK_ID,SCH_I_PLAN_YEAR_BEGIN_DATE,SCH_I_TAX_PRD,SCH_I_PLAN_NUM,SCH_I_EIN,SMALL_TOT_ASSETS_BOY_AMT,SMALL_TOT_LIABILITIES_BOY_AMT,SMALL_NET_ASSETS_BOY_AMT,SMALL_TOT_ASSETS_EOY_AMT,SMALL_TOT_LIABILITIES_EOY_AMT,SMALL_NET_ASSETS_EOY_AMT,SMALL_EMPLR_CONTRIB_INCOME_AMT,SMALL_PARTICIPANT_CONTRIB_AMT,SMALL_OTH_CONTRIB_RCVD_AMT,SMALL_NON_CASH_CONTRIB_BS_AMT,SMALL_OTHER_INCOME_AMT,SMALL_TOT_INCOME_AMT,SMALL_TOT_DISTRIB_BNFT_AMT,SMALL_CORRECTIVE_DISTRIB_AMT,SMALL_DEEM_DSTRB_PARTCP_LN_AMT,SMALL_ADMIN_SRVC_PROVIDERS_AMT,SMALL_OTH_EXPENSES_AMT,SMALL_TOT_EXPENSES_AMT,SMALL_NET_INCOME_AMT,SMALL_TOT_PLAN_TRANSFERS_AMT,SMALL_JOINT_VENTURE_EOY_IND,SMALL_JOINT_VENTURE_EOY_AMT,SMALL_EMPLR_PROP_EOY_IND,SMALL_EMPLR_PROP_EOY_AMT,SMALL_INV_REAL_ESTATE_EOY_IND,SMALL_INV_REAL_ESTATE_EOY_AMT,SMALL_EMPLR_SEC_EOY_IND,SMALL_EMPLR_SEC_EOY_AMT,SMALL_MORTG_PARTCP_EOY_IND,SMALL_MORTG_PARTCP_EOY_AMT,SMALL_OTH_LNS_PARTCP_EOY_IND,SMALL_OTH_LNS_PARTCP_EOY_AMT,SMALL_PERSONAL_PROP_EOY_IND,SMALL_PERSONAL_PROP_EOY_AMT,SMALL_FAIL_TRANSM_CONTRIB_IND,SMALL_FAIL_TRANSM_CONTRIB_AMT,SMALL_LOANS_IN_DEFAULT_IND,SMALL_LOANS_IN_DEFAULT_AMT,SMALL_LEASES_IN_DEFAULT_IND,SMALL_LEASES_IN_DEFAULT_AMT,SM_PARTY_IN_INT_NOT_RPTD_IND,SM_PARTY_IN_INT_NOT_RPTD_AMT,SMALL_PLAN_INS_FDLTY_BOND_IND,SMALL_PLAN_INS_FDLTY_BOND_AMT,SMALL_LOSS_DISCV_DUR_YEAR_IND,SMALL_LOSS_DISCV_DUR_YEAR_AMT,SMALL_ASSET_UNDETERM_VAL_IND,SMALL_ASSET_UNDETERM_VAL_AMT,SMALL_NON_CASH_CONTRIB_IND,SMALL_NON_CASH_CONTRIB_AMT,SMALL_20_PRCNT_SNGL_INVST_IND,SMALL_20_PRCNT_SNGL_INVST_AMT,SMALL_ALL_PLAN_AST_DISTRIB_IND,SM_WAIV_ANNUAL_IQPA_REPORT_IND,SM_FAIL_PROVIDE_BENEF_DUE_IND,SM_FAIL_PROVIDE_BENEF_DUE_AMT,SMALL_PLAN_BLACKOUT_PERIOD_IND,SM_COMPLY_BLACKOUT_NOTICE_IND,SMALL_RES_TERM_PLAN_ADPT_IND,SMALL_RES_TERM_PLAN_ADPT_AMT,FDCRY_TRUST_EIN,FDCRY_TRUST_NAME,SMALL_COVERED_PBGC_INS_IND,TRUST_INCUR_UNREL_TAX_INC_IND,TRUST_INCUR_UNREL_TAX_INC_AMT,IN_SERVICE_DISTRIB_IND,IN_SERVICE_DISTRIB_AMT,FDCRY_TRUSTEE_CUST_NAME,FDCRY_TRUST_CUST_PHONE_NUM,FDCRY_TRUST_CUST_PHON_NU_FORE,DISTRIB_MADE_EMPLOYEE_62_IND,PREMIUM_FILING_CONFIRM_NUMBER
20200506075438NAL0009063571001,2019-01-01,2019-12-31,002,043297570,207424,0,207424,151987,,151987,,,,,-28644,-28644,26793,,,,,26793,-55437,,2,,2,,2,,1,145920,2,,2,,2,,2,,2,,2,,2,,1,340000,2,,2,,2,,1,145920,2,1,2,,2,,2,,,,,,,,,,,,,
20200624142203NAL0003574736001,2019-01-01,2019-12-31,001,041110170,796552,0,796552,811135,0,811135,0,0,0,0,19753,19753,5170,0,0,0,0,5170,14583,0,2,,2,,2,,1,811135,2,,2,,2,,2,,2,,2,,2,,1,200000,2,,2,,2,,1,811135,2,1,2,,2,,2,,,,,,,,,,,,,
20210208110415NAL0008033874001,2019-01-01,2019-12-31,001,042372206,20230074,,20230074,22909251,,22909251,271660,408535,,,3801698,4481893,1765011,,,,37705,1802716,2679177,,2,,2,,2,,1,14305285,1,119686,2,,2,,2,,2,,2,,2,,1,1500000,2,,2,,2,,1,14305285,2,1,2,,2,,2,,,,,,,,,,,,,
20210301091423NAL0013540080001,2019-10-01,2020-09-30,002,042471226,5658580,,5658580,6992582,,6992582,31800,,,,2341698,2373498,1039496,,,,,1039496,1334002,,2,,2,,2,,1,6992582,2,,2,,2,,2,,2,,2,,2,,1,1000000,2,,2,,2,,1,6992582,2,1,2,,2,,2,,,,,,,,,,,,,
20210329112521NAL0024018242001,2019-10-01,2020-09-30,002,042556035,1225688,,1225688,1678529,2837,1675692,38498,,,,433893,472391,22387,,,,,22387,450004,,2,,2,,2,,1,990585,2,,2,,2,,2,,2,,2,,2,,1,1000000,2,,2,,2,,1,990585,2,1,2,,2,,2,,,,,,,,,,,,,
20210203122605NAL0011833137001,2019-10-01,2020-09-30,003,042699206,318008,,318008,319515,,319515,,,,,22324,22324,20817,,,,,20817,1507,,2,,2,,2,,1,319515,2,,2,,2,,2,,2,,2,,2,,1,275000,2,,2,,2,,1,319515,2,1,2,,2,,2,,,,,,,,,,,,,
20210203152352NAL0022584896001,2019-11-01,2020-10-31,002,042745661,435686,,435686,413125,,413125,,,,,-13913,-13913,8648,,,,,8648,-22561,,2,,2,,2,,1,413124,2,,2,,2,,2,,2,,2,,2,,1,500000,2,,2,,2,,1,413124,2,1,2,,2,,2,,,,,,,,,,,,,
20200721082244NAL0001602769001,2019-01-01,2019-12-31,001,043577380,2391378,0,2391378,2506267,0,2506267,245000,,,,50428,295428,180539,,,,,180539,114889,,2,,2,,2,,1,2128000,2,,2,,2,,2,,2,,2,,2,,1,500000,2,,2,,2,,1,2128000,2,1,2,,2,,2,,,,,,,,,,,,,
20210304152220NAL0001486625001,2019-11-01,2020-10-31,002,043448069,2480489,8401201,-5920712,5410609,8021359,-2610750,701832,,,,2860000,3561832,,,,,251870,251870,3309962,,2,,2,,2,,1,5340000,2,,2,,2,,2,,2,,2,,2,,1,400000,2,,2,,2,,1,5340000,2,1,2,,2,,2,,,,,,,,,,,,,
20201114113241NAL0040132274001,2019-07-01,2020-06-30,001,042298684,2415740,0,2415740,3705053,0,3705053,0,,,,1289313,1289313,,,,,,0,1289313,,2,,2,,2,,2,,2,,2,,2,,2,,2,,2,,2,,1,1000000,2,,2,,2,,2,,2,1,2,,2,,1,0,,,,,,,,,,,,
20211220114435NAL0003516003001,2019-11-01,2020-10-31,002,042170946,681242,,681242,652088,,652088,55604,,,,-28003,27601,56755,,,,,56755,-29154,,2,,2,,2,,1,597243,2,,2,,2,,2,,2,,2,,2,,1,100000,2,,2,,2,,1,597243,2,1,2,,2,,2,,,,,,,,,,,,,
20210309203356NAL0006089521001,2019-06-01,2020-05-31,003,043053085,1960607,,1960607,2422077,,2422077,,,,,461470,461470,,,,,,0,461470,,2,,2,,2,,1,2421926,2,,2,,2,,2,,2,,2,,2,,1,300000,2,,2,,2,,1,2421926,2,1,2,,2,,2,,,,,,,,,,,,,
20200728104037NAL0004229987001,2019-01-01,2019-12-31,001,204270900,1614005,1557693,56312,1787533,1539130,248403,92849,,,,178619,271468,5091,,,,74286,79377,192091,,2,,2,,2,,1,1786000,2,,2,,2,,2,,2,,2,,2,,1,250000,2,,2,,2,,1,1786000,2,1,2,,2,,2,,,,,,,,,,,,,
20200406124823NAL0005631363001,2019-01-01,2019-12-31,003,042837729,11102157,2677711,8424446,12354078,2441694,9912384,543514,0,0,0,1251476,1794990,186525,0,0,0,120527,307052,1487938,0,2,,2,,2,,1,12351524,2,,2,,2,,2,0,2,0,2,0,2,0,1,500000,2,,2,,2,,1,12351524,2,1,2,,2,,2,0,,,,,,,,,,,,
20210414203831NAL0005892915001,2019-07-01,2020-06-30,004,042279997,5845328,2500000,3345328,7009585,2321430,4688155,310371,,,,1104393,1414764,71937,,,,,71937,1342827,,2,,2,,2,,1,6606198,2,,2,,2,,2,,2,,2,,2,,1,1000000,2,,2,,2,,1,6606198,2,1,2,,2,,2,,,,,,,,,,,,,
20210609105022NAL0006616928001,2019-09-01,2020-08-31,003,043247749,11800000,0,11800000,11799732,0,11799732,482088,0,0,0,-268,481820,278092,0,0,0,0,278092,203728,-203996,2,,2,,2,,1,11000000,2,,2,,2,,2,0,2,0,2,0,2,0,1,500000,2,,2,,2,,1,11000000,2,1,2,,2,,2,0,,,,,,,,,,,,
20200804160308NAL0016447056001,2019-01-01,2019-12-31,002,042501424,1920000,1222274,697726,3600000,1161156,2438844,111350,,,,1680000,1791350,14786,,,,35446,50232,1741118,,2,,2,,2,,1,3600000,2,,2,,2,,2,,2,,2,,2,,1,360000,2,,2,,2,,1,3600000,2,1,2,,2,,2,,,,,,,,,,,,,
20200519155152NAL0001653713001,2019-01-01,2019-12-31,002,042044378,13915986,1313765,12602221,16360674,579603,15781071,154473,,,,3727027,3881500,653087,,,,49563,702650,3178850,,2,,2,,2,,1,12332885,2,,2,,2,,2,,2,,2,,2,,1,1000000,2,,2,,2,,1,12332885,2,1,2,,2,,2,,,,,,,,,,,,,
20200421084647NAL0001651745001,2019-01-01,2019-12-31,002,042774191,5976755,2354527,3622228,6394473,2064407,4330066,405492,0,0,0,685462,1090954,267744,0,0,0,115372,383116,707838,0,2,,2,,2,,1,6393208,2,,2,,2,,2,0,2,0,2,0,2,0,1,1000000,2,,2,,2,,1,6393208,2,1,2,,2,,2,0,,,,,,,,,,,,
20200714124153NAL0009141187001,2019-01-01,2019-12-31,002,042943867,5065988,1887809,3178179,6622398,1700996,4921402,248187,,,,1556410,1804597,,,,,61374,61374,1743223,,2,,2,,2,,1,6311709,2,,2,,2,,2,,2,,2,,2,,1,506599,2,,2,,2,,1,6311709,2,1,2,,2,,2,,,,,,,,,,,,,
20200616054002NAL0002999042001,2019-01-01,2019-12-31,001,042444641,4447595,,4447595,5654862,,5654862,425000,,,,875133,1300133,92866,,,,,92866,1207267,,2,,2,,2,,1,5648896,2,,2,,2,,2,,2,,2,,2,,1,1000000,2,,2,,2,,1,5648896,2,1,2,,2,,2,,,,,,,,,,,,,
20200818145655NAL0000653569001,2019-01-01,2019-12-31,002,208135911,4392000,480700,3911300,6854000,460891,6393109,32499,,,,2462000,2494499,,,,,12690,12690,2481809,,2,,2,,2,,1,6854000,2,,2,,2,,2,,2,,2,,2,,1,1000000,2,,2,,2,,1,6854000,2,1,2,,2,,2,,,,,,,,,,,,,
20200825084954NAL0005396449001,2019-01-01,2019-12-31,002,043223296,6520377,9504,6510873,5767883,,5767883,486659,,,,-730560,-243901,499089,,,,,499089,-742990,,2,,2,,2,,1,5680000,2,,2,,2,,2,,2,,2,,2,,1,660000,2,,1,5680000,2,,2,,2,1,2,,2,,2,,,,,,,,,,,,,
20201002170112NAL0009296720001,2019-01-01,2019-12-31,003,042188202,3008920,19040,2989880,3146961,7040,3139921,50000,,,,141805,191805,38845,,,2726,193,41764,150041,,2,,2,,2,,1,1828000,2,,2,,2,,2,,2,,2,,2,,1,400000,2,,2,,2,,1,1828000,2,1,2,,2,2,2,,,,,,,,,,,,,
20201007092418NAL0014304736001,2019-01-01,2019-12-31,002,043531186,11886100,8485572,3400528,12696668,6997684,5698984,614258,,,,2024787,2639045,31659,,,35,308895,340589,2298456,,2,,2,,2,,1,11980001,2,,2,,2,,2,,2,,2,,2,,1,1000000,2,,2,,2,,1,11980001,2,1,2,,2,,2,,,,,,,,,,,,,
20201007151907NAL0008865651001,2019-01-01,2019-12-31,002,042086300,895970,76934,819036,1121899,0,1121899,,,,,349524,349524,46661,,,,,46661,302863,,2,,2,,2,,1,1113923,2,,2,,2,,2,,2,,2,,2,,1,1000000,2,,2,,2,,1,1113923,2,1,2,,2,,2,,,,,,,,,,,,,
20201006075533NAL0009759617001,2019-01-01,2019-12-31,002,043152864,,,0,201499,,201499,201499,,,,,201499,,,,,,0,201499,,2,,2,,2,,2,,2,,2,,2,,2,,2,,2,,2,,1,1000000,2,,2,,2,,2,,2,1,2,,2,,2,,,,,,,,,,,,,
20201006161546NAL0012950816001,2019-01-01,2019-12-31,002,043401502,21933744,2450019,19483725,19441896,0,19441896,10000,,,,1717387,1727387,1631480,,,,137736,1769216,-41829,,2,,2,,2,,1,18292500,2,,2,,2,,2,,2,,2,,2,,1,1000000,2,,1,18292500,2,,2,,2,1,2,,2,,2,,,,,,,,,,,,,
20200903161824NAL0009067891001,2019-01-01,2019-12-31,002,043130236,11428000,5525978,5902022,19396000,5307155,14088845,1087918,,,,7268000,8355918,,,,,169095,169095,8186823,,2,,2,,2,,1,18696000,2,,2,,2,,2,,2,,2,,2,,1,1000000,2,,2,,2,,1,18696000,2,1,2,,2,,2,,,,,,,,,,,,,
20201008101814NAL0012322097001,2019-01-01,2019-12-31,002,043533865,563116,355007,208109,609216,233585,375631,134092,,,,48419,182511,2319,,,,12670,14989,167522,,2,,2,,2,,1,521400,2,,2,,2,,2,,2,,2,,2,,1,75000,2,,2,,2,,1,521400,2,1,2,,2,,2,,,,,,,,,,,,,
20200619090644NAL0003645761001,2019-01-01,2019-12-31,003,043497377,7641656,2755456,4886200,18900584,10136349,8764235,1024009,,,,3210856,4234865,121843,,,,234987,356830,3878035,,2,,2,,2,,1,18900395,2,,2,,2,,2,,2,,2,,2,,1,6000000,2,,2,,2,,1,18900395,2,1,2,,2,,2,,,,,,,,,,,,,
20200619123036NAL0004519552001,2019-01-01,2019-12-31,002,043035339,2898356,476,2897880,2695415,15,2695400,,,,,49264,49264,251704,,,40,,251744,-202480,,2,,2,,2,,1,2693509,2,,2,,2,,2,,2,,2,,2,,1,500000,2,,2,,2,,1,2693509,2,1,2,,2,,2,,,,,,,,,,,,,
20201009125249NAL0000205425001,2019-01-01,2019-12-31,005,042624147,1567502,26256,1541246,1576413,36810,1539603,0,0,0,0,40219,40219,32389,0,0,4400,5073,41862,-1643,0,2,,2,,2,,1,1429200,2,,2,,2,,2,0,2,0,2,0,2,0,1,500000,2,,2,,2,,1,1429200,2,1,2,,2,,2,0,,,,,,,,,,,,
20201013124307NAL0002901683001,2019-01-01,2019-12-31,003,042301242,3752000,0,3752000,6068000,0,6068000,313328,0,0,0,2316000,2629328,313328,0,0,0,0,313328,2316000,0,2,,2,,2,,1,6068000,2,,2,,2,,2,0,2,0,2,0,2,0,1,500000,2,,2,,2,,1,6068000,2,1,2,,2,,2,0,,,,,,,,,,,,
20201012061345NAL0003050512001,2019-01-01,2019-12-31,002,651174540,498974,214055,284919,659229,108061,551168,112181,0,0,0,159880,272061,219,0,0,0,5593,5812,266249,0,2,,2,,2,,1,633922,2,,2,,2,,2,,2,,2,,2,,1,500000,2,,2,,2,,1,633922,2,1,2,,2,,2,,,,,,,,,,,,,
20201012062925NAL0004777122001,2019-01-01,2019-12-31,002,043027262,0,0,0,950000,0,950000,950000,,,,,950000,,,,,,0,950000,,2,,2,,2,,2,,2,,2,,2,,2,,2,,2,,2,,1,95000,2,,2,,2,,2,,2,1,2,,2,,,,,,,,,,,,,,,
20200724124227NAL0002536227001,2019-01-01,2019-12-31,002,042804642,2356398,1080779,1275619,3145296,806903,2338393,420560,,,,788795,1209355,99892,,,,46689,146581,1062774,,2,,2,,2,,1,3144581,2,,2,,2,,2,,2,,2,,2,,1,400000,2,,2,,2,,1,3144581,2,1,2,,2,,2,,,,,,,,,,,,,
20201013105024NAL0004279361001,2019-01-01,2019-12-31,002,043553283,2209517,1341033,868484,2574397,1153213,1421184,268279,0,0,0,370001,638280,5112,0,0,8,80460,85580,552700,0,2,,2,,2,,1,2278000,2,,2,,2,,2,0,2,0,2,0,2,0,1,1000000,2,,2,,2,,1,2278000,2,1,2,,2,,2,0,,,,,,,,,,,,
20201013095951NAL0005068704001,2019-01-01,2019-12-31,002,043258366,850545,183277,667268,628062,137800,490262,74516,0,0,0,-235328,-160812,15039,0,0,0,1155,16194,-177006,0,2,,2,,2,,1,549759,2,,2,,2,,2,0,2,0,2,0,2,0,1,500000,2,,2,,2,,1,549759,2,1,2,,2,,2,0,,,,,,,,,,,,
20200909115830NAL0000689872001,2019-01-01,2019-12-31,002,042941854,5411143,568041,4843102,5682440,439413,5243027,500000,,,,436546,936546,517313,,,,19308,536621,399925,,2,,2,,2,,1,5596902,2,,2,,2,,2,,2,,2,,2,,1,1000000,2,,2,,2,,1,5596902,2,1,2,,2,,2,,,,,,,,,,,,,
20201012094553NAL0002828817001,2019-01-01,2019-12-31,003,043347358,7170000,5846804,1323196,7370000,5376105,1993895,435364,,,,829607,1264971,312622,,,,281650,594272,670699,,2,,2,,2,,1,7370000,2,,2,,2,,2,,2,,2,,2,,1,1000000,2,,2,,2,,1,7370000,2,1,2,,2,,2,,,,,,,,,,,,,
20200724064034NAL0008387394001,2019-01-01,2019-12-31,003,042718570,3087710,0,3087710,5291047,0,5291047,148839,,,,2057567,2206406,3069,,,,,3069,2203337,,2,,2,,2,,1,4844870,2,,2,,2,,2,,2,,2,,2,,1,1000000,2,,2,,2,,1,4844870,2,1,2,,2,,2,,,,,,,,,,,,,
20201012214316NAL0004460880001,2019-01-01,2019-12-31,002,042895731,5228000,2421987,2806013,5859000,2292139,3566861,207136,0,0,0,746957,954093,193245,0,0,0,0,193245,760848,,2,,2,,2,,1,3566861,2,,2,,2,,2,,2,,2,,2,,2,,2,,2,,2,,1,3566861,2,1,2,,2,2,2,,,,,,,,,,,,,
20201013194928NAL0006862016001,2019-01-01,2019-12-31,002,043071690,978122,2970013,-1991891,451660,2590519,-2138859,566824,,,,-580141,-13317,,,,,133651,133651,-146968,,2,,2,,2,,1,397980,2,,2,,2,,2,,2,,2,,2,,1,470000,2,,2,,2,,1,397980,2,1,2,,2,,2,,,,,,,,,,,,,
20201013203548NAL0003378771001,2019-01-01,2019-12-31,002,043221989,6170400,4129441,2040959,6474400,3749274,2725126,497479,,,,304000,801479,,,,,117312,117312,684167,,2,,2,,2,,1,6474400,2,,2,,2,,2,,2,,2,,2,,1,1000000,2,,2,,2,,1,6474400,2,1,2,,2,,2,,,,,,,,,,,,,
20201014120351NAL0007415120001,2019-01-01,2019-12-31,002,263038320,63036,1308,61728,87070,1308,85762,24000,,,,34,24034,,,,,,0,24034,,2,,2,,2,,2,,2,,2,,2,,2,,2,,2,,2,,2,,2,,2,,2,,2,,2,1,2,,2,,2,,,,,,,,,,,,,
20201015123858NAL0008223665001,2019-01-01,2019-12-31,002,042401206,0,0,0,1903000,3000,1900000,1903000,0,0,0,0,1903000,0,0,0,0,3000,3000,1900000,0,2,,2,,2,,2,,2,,2,,2,,2,0,2,0,2,0,2,0,1,500000,2,,2,,2,,2,0,2,1,2,,2,,2,0,,,,,,,,,,,,
20201015111040NAL0010048384001,2019-01-01,2019-12-31,003,042264013,1059076,0,1059076,60000,0,60000,0,0,0,0,0,0,935004,0,0,0,64072,999076,-999076,0,2,,2,,2,,1,0,2,,2,,2,,2,,2,,2,,2,,1,325000,2,,2,,2,,1,1059076,2,1,2,,2,,1,0,,,,,,,,,,,,
20201014123748NAL0003952259001,2019-01-01,2019-12-31,002,042348065,7265535,,7265535,9889696,,9889696,,,,,3032936,3032936,408775,,,,,408775,2624161,,2,,2,,2,,1,9889696,2,,2,,2,,2,,2,,2,,2,,1,988970,2,,2,,2,,1,9889696,2,1,2,,2,,2,,,,,,,,,,,,,
20201015090956NAL0004580803001,2019-01-01,2019-12-31,003,043257145,0,0,0,0,0,0,,,,,,0,,,,,,0,0,,2,,2,,2,,2,,2,,2,,2,,2,,2,,2,,2,,2,,2,,2,,2,,2,,2,1,2,,2,,2,,,,,,,,,,,,,
20201014110030NAL0003830371001,2019-01-01,2019-12-31,002,042399903,408133,0,408133,464054,0,464054,0,0,0,0,75679,75679,19758,0,0,0,0,19758,55921,0,2,,2,,2,,1,458298,2,,2,,2,,2,,2,,2,,2,,1,500000,2,,2,,2,,1,458298,2,1,2,,2,,2,,,,,,,,,,,,,
20200708103256NAL0013659521001,2019-01-01,2019-12-31,002,042637381,11312415,0,11312415,12129170,0,12129170,627971,,,,1040343,1668314,851529,,,,30,851559,816755,,2,,2,,2,,1,11429111,2,,2,,2,,2,,2,,2,,2,,1,1500000,2,,2,,2,,1,11429111,2,1,2,,2,,2,,,,,,,,,,,,,
20200623082708NAL0001835905001,2019-01-01,2019-12-31,002,041611080,4058339,1968719,2089620,5594135,1916441,3677694,62388,,,,1589669,1652057,,,,,63983,63983,1588074,,2,,2,,2,,1,5568410,2,,2,,2,,2,,2,,2,,2,,1,4000000,2,,2,,2,,1,5568410,2,1,2,,2,,2,,,,,,,,,,,,,
20200629081253NAL0003190099001,2019-01-01,2019-12-31,002,041203530,10469097,125000,10344097,11473930,0,11473930,675419,,,,2250158,2925577,1756491,,,,5069,1761560,1164017,-34184,2,,2,,2,,1,10962993,2,,2,,2,,2,,2,,2,,2,,1,1000000,2,,2,,2,,1,10962993,2,1,2,,2,,2,,,,,,,,,,,,,
20200511091738NAL0022783568001,2019-01-01,2019-12-31,003,043200597,0,0,0,5588310,2926960,2661350,100808,,,,2588310,2689118,,,,,27768,27768,2661350,,2,,2,,2,,1,5588310,2,,2,,2,,2,,2,,2,,2,,1,2000000,2,,2,,2,,1,5588310,2,1,2,,2,,2,,,,,,,,,,,,,
20200427085743NAL0002776419001,2019-01-01,2019-12-31,004,042272126,12804579,2848163,9956416,15076573,2235500,12841073,685460,,,,2587282,3272742,315288,,,,72797,388085,2884657,,2,,2,,2,,1,14010000,2,,2,,2,,2,,2,,2,,2,,1,1000000,2,,2,,2,,1,14010000,2,1,2,,2,,2,,,,,,,,,,,,,
20200630071840NAL0009427920001,2019-01-01,2019-12-31,003,042514329,5728000,0,5728000,5595147,0,5595147,586537,,,,686368,1272905,1405758,,,,,1405758,-132853,,2,,2,,2,,1,5595147,2,,2,,2,,2,,2,,2,,2,,1,1000000,2,,2,,2,,1,5595147,2,1,2,,2,,2,,,,,,,,,,,,,
20200701151053NAL0010365216001,2019-01-01,2019-12-31,001,824155907,302000,2685090,-2383090,2564500,2578800,-14300,188454,,,,2262500,2450954,0,,,,82164,82164,2368790,,2,,2,,2,,1,2564500,2,,2,,2,,2,,2,,2,,2,,1,1000000,2,,2,,2,,1,2564500,2,1,2,,2,,2,,,,,,,,,,,,,
20200708170832NAL0013992401001,2019-01-01,2019-12-31,002,042887710,6600225,2019565,4580660,6725891,1884976,4840915,271366,,,,140639,412005,89974,,,,61776,151750,260255,,2,,2,,2,,1,6409530,2,,2,,2,,2,,2,,2,,2,,1,500000,2,,2,,2,,1,6409530,2,1,2,,2,,2,,,,,,,,,,,,,
20200622084824NAL0000860545001,2019-01-01,2019-12-31,002,043038026,480000,465381,14619,2842000,455121,2386879,24414,,,,2362000,2386414,0,,,100,14054,14154,2372260,,2,,2,,2,,1,2842000,2,,2,,2,,2,,2,,2,,2,,1,500000,2,,2,,2,,1,2842000,2,1,2,,2,,2,,,,,,,,,,,,,
20210727084333NAL0004853555001,2019-11-01,2020-10-31,002,042472856,2230713,,2230713,2523265,,2523265,265855,,,,224849,490704,198152,,,,,198152,292552,,2,,2,,2,,1,2523265,2,,2,,2,,2,,2,,2,,2,,1,585000,2,,2,,2,,1,2523265,2,1,2,,2,,2,,,,,,,,,,,,,
20210512122653NAL0009144977001,2019-10-01,2020-09-30,003,043024663,3177899,0,3177899,3769051,0,3769051,61966,,,,540542,602508,11356,,,,,11356,591152,,2,,2,,2,,1,3021061,2,,2,,2,,2,,2,,2,,2,,1,500000,2,,2,,2,,1,3021061,2,1,2,,2,,2,,,,,,,,,,,,,
20201019110657NAL0021453954001,2019-01-01,2019-12-31,002,041810570,2646755,,2646755,1770693,,1770693,,,,,-327395,-327395,548667,,,,,548667,-876062,,2,,2,,2,,1,1770693,2,,2,,2,,2,,2,,2,,2,,1,500000,2,,2,,2,,1,1770693,2,1,2,,2,2,2,,,,,,,,,,,,,
20200915130857NAL0000586113001,2019-01-01,2019-12-31,002,043169205,2902501,314185,2588316,3570001,286778,3283223,36832,,,,667500,704332,,,,,9425,9425,694907,,2,,2,,2,,1,3570000,2,,2,,2,,2,,2,,2,,2,,1,1000000,2,,2,,2,,1,3570000,2,1,2,,2,,2,,,,,,,,,,,,,
20200914153447NAL0004354049001,2019-01-01,2019-12-31,002,113672395,43046,3874220,-3831174,65046,3412317,-3347271,578582,0,0,0,22000,600582,452,0,0,0,116227,116679,483903,0,2,,2,,2,,1,62000,2,,2,,2,,2,0,2,0,2,0,2,0,1,1000000,2,,2,,2,,1,62000,2,1,2,,2,,2,0,,,,,,,,,,,,
20200928111457NAL0002757857001,2019-04-01,2020-03-31,003,042175284,600000,0,600000,909450,0,909450,318582,0,0,0,9450,328032,18582,0,0,0,0,18582,309450,0,2,,2,,2,,1,609450,2,,2,,2,,2,0,2,0,2,0,2,0,1,300000,2,,2,,2,,2,0,2,1,2,,2,,2,0,,,,,,,,,,,,
20200929101206NAL0002612563001,2019-01-01,2019-12-23,002,611570944,4070451,1575790,2494661,0,0,0,0,0,0,0,64644,64644,2556285,0,0,0,3020,2559305,-2494661,0,2,,2,,2,,1,0,2,,2,,2,,2,,2,,2,,2,,1,2000000,2,,2,,2,,1,4063442,1,1,2,,2,,1,0,,,,,,,,,,,,
20200921130535NAL0001958689001,2019-01-01,2019-12-31,003,042274728,1080922,,1080922,1033894,,1033894,42438,0,0,0,-28231,14207,61235,0,0,0,0,61235,-47028,,2,,2,,2,,1,1033894,2,,2,,2,,2,,2,,2,,2,,1,500000,2,,2,,2,,1,1033894,2,1,2,,2,2,2,,,,,,,,,,,,,
20201001092300NAL0006881424001,2019-01-01,2019-12-31,002,042453189,1198816,,1198816,1299469,,1299469,128000,,,,88255,216255,115456,,,,146,115602,100653,,2,,2,,2,,1,1286667,2,,2,,2,,2,,2,,2,,2,,1,650000,2,,2,,2,,1,1286667,2,1,2,,2,,2,,,,,,,,,,,,,
20211011131403NAL0020247152001,2019-01-01,2019-12-31,002,043521482,565000,,565000,2308856,,2308856,110651,0,0,0,1633205,1743856,0,0,0,0,0,0,1743856,0,2,,2,,2,,1,2308856,2,,2,,2,,2,,2,,2,,2,,2,,2,,2,,2,,1,2308856,2,1,2,,2,2,2,,,,,,,,,,,,,
20210504125324NAL0000880000001,2019-10-01,2020-09-30,002,042932946,5761478,1119348,4642130,5089480,1047175,4042305,104620,,,,-433242,-328622,231206,,,9899,30098,271203,-599825,,2,,2,,2,,1,3978181,2,,2,,2,,2,,2,,2,,2,,1,1000000,2,,2,,2,,1,3978181,2,1,2,,2,,2,,,,,,,,,,,,,
20220531131040NAL0011609491001,2019-01-01,2019-12-31,002,010367721,55811,2474256,-2418445,35066,2470511,-2435445,,,,,-17000,-17000,,,,,,0,-17000,,2,,2,,2,,1,33000,2,,2,,2,,2,,2,,2,,2,,1,203000,2,,2,,2,,1,33000,2,1,2,,2,,2,,,,,,,,,,,,,
